sigX;0.001
vqsM;1.0
PA5438;0.0
rpoD;1.0
rpoH;0.001
rpoS;1.0
phoP;1.0
lasR;0.006
mexT;1.0
rhlR;0.005
fleQ;1.0
pchR;0.002
rsaL;0.0
soxR;1.0
sphR;0.0
anr;0.001
fliA;0.0
rpoN;0.0
aguR;0.0
gacA;0.0
mvfR;0.0
algR;1.0
PA0167;0.0
PA1520;0.0
vqsR;1.0
algU;0.0
algZ;0.0
cysB;1.0
himA;1.0
ihf;1.0
vfr;0.017
ampR;0.002
algB;0.0
algD;0.002
amrZ;0.001
psrA;0.0
phoQ;1.0
clpP;0.007
clpX;0.002
mucA;0.001
mucB;0.0
mucC;0.001
mucD;0.001
argR;1.0
np20;0.0
cdpR;0.0
lasI;0.002
ntrC;0.0
dnr;0.002
antR;1.0
cbrB;0.001
mvaT;1.0
mvaU;0.001
bexR;0.005
fur;1.0
narL;0.002
nalC;0.0
pmrA;1.0
gbdR;0.002
metR;0.0
brlR;1.0
pprB;1.0
bauR;1.0
sbrI;0.004
fecI;0.001
bfiS;0.002
cdhR;0.0
pvdS;0.001
roxR;1.0
roxS;0.002
cifR;0.0
rocA1;0.0
PA4132;0.0
czcR;0.003
dctR;1.0
PA0120;0.0
ddaR;1.0
desT;0.0
dhcR;1.0
phhR;0.0
psdR;1.0
gltR;1.0
hexR;1.0
erbR;1.0
glpR;1.0
cmpX;0.002
exsA;0.001
fliC;0.0
exsD;0.0
mgtE;1.0
exsE;0.0
exsC;0.0
hmgR;0.0
iscR;1.0
rsmA;0.004
hfq;0.002
asrA;0.0
fhpR;0.0
ppyR;0.0
finR;0.0
fleN;0.0
hsbA;1.0
flgM;1.0
foxI;1.0
foxR;1.0
fpvI;0.0
fpvR;1.0
fruR;0.0
gacS;0.0
ptxR;0.0
ptxS;0.0
gbuR;1.0
gcsR;0.0
glcC;0.0
gntR;0.0
gpuR;1.0
PA2384;0.0
qscR;0.0
lon;0.002
hutC;0.0
kynR;1.0
algQ;1.0
lexA;0.0
PA1269;1.0
liuR;1.0
PA4769;0.0
PA0547;0.0
mexR;0.007
nalD;0.001
amgR;0.0
cpxR;0.001
nfxB;0.0
cmrA;1.0
cueR;0.007
armR;0.0
mmnR;0.0
mmsR;0.001
toxR;0.018
PA4916;0.0
PA3757;0.0
PSPA7_RS29685;0.0
vreI;0.0
PA0797;1.0
pqrR;1.0
PA1050;1.0
PA3249;0.0
PA1504;1.0
PA1539;0.0
PA2299;0.0
PA0149;0.0
PA2050;0.001
phnF;0.001
tpbA;0.0
PA4659;0.0
PA5506;0.004
mifR;0.0
pfeR;1.0
pilR;1.0
pmrB;1.0
hupB;1.0
pyeR;1.0
rbsR;1.0
recA;0.0
sbrR;0.0
sdsB1;1.0
trpI;0.0
