"ID 	 gene_name/lo";cus_tag;normalization
gene-JG10_RS00215;trpI;18.81
gene-JG10_RS00645;AL347_18375;32.64
gene-JG10_RS00710;bauR;44.88
gene-JG10_RS00785;AL347_18525;9.20
gene-JG10_RS01355;AL347_19125;10.11
gene-JG10_RS01460;AL347_19230;30.16
gene-JG10_RS01485;AL347_19255;16.43
gene-JG10_RS01860;AL347_19640;56.90
gene-JG10_RS01910;rpoH;729.27
gene-JG10_RS02155;mexR;131.24
gene-JG10_RS02215;AL347_20000;106.10
gene-JG10_RS02460;AL347_20270;53.62
gene-JG10_RS02655;dnr;171.58
gene-JG10_RS02760;AL347_20580;71.75
gene-JG10_RS02950;rpoD;940.49
gene-JG10_RS03030;rsmA;72.61
gene-JG10_RS03075;AL347_20885;64.64
gene-JG10_RS03325;AL347_21140;352.27
gene-JG10_RS03435;birA;87.03
gene-JG10_RS03720;pchR;8.69
gene-JG10_RS03870;bfiS;20.45
gene-JG10_RS04025;AL347_21855;3.36
gene-JG10_RS04120;AL347_21955;13.74
gene-JG10_RS04140;AL347_21975;5.51
gene-JG10_RS04195;AL347_22035;20.90
gene-JG10_RS04310;ampR;20.97
gene-JG10_RS04355;bfmR;42.33
gene-JG10_RS04580;nrdR;103.24
gene-JG10_RS04990;ladS;24.41
gene-JG10_RS05125;AL347_22975;158.63
gene-JG10_RS05370;AL347_23230;6.82
gene-JG10_RS05375;mdrR1;24.43
gene-JG10_RS05450;tpbA;6.54
gene-JG10_RS05480;narL;133.34
gene-JG10_RS05735;AL347_23595;231.53
gene-JG10_RS05820;iscR;184.77
gene-JG10_RS06125;AL347_23985;27.34
gene-JG10_RS06310;nalC;75.83
gene-JG10_RS06320;armR;575.01
gene-JG10_RS06430;AL347_24290;77.26
gene-JG10_RS06470;AL347_24330;50.42
gene-JG10_RS06805;rpoS;819.25
gene-JG10_RS06830;recA;300.69
gene-JG10_RS06895;AL347_24760;120.26
gene-JG10_RS06980;metR;35.99
gene-JG10_RS07000;AL347_24870;67.38
gene-JG10_RS07045;nalD;100.88
gene-JG10_RS07060;mmsR;18.20
gene-JG10_RS07105;AL347_24990;60.51
gene-JG10_RS07220;algD;8.59
gene-JG10_RS07435;rhlR;94.81
gene-JG10_RS07845;AL347_25740;41.02
gene-JG10_RS07910;amrZ;749.50
gene-JG10_RS07930;AL347_25825;1.78
gene-JG10_RS08105;flgM;773.89
gene-JG10_RS08125;hsbA;78.03
gene-JG10_RS08135;AL347_26025;26.83
gene-JG10_RS08655;AL347_00275;6.27
gene-JG10_RS08880;AL347_00500;87.62
gene-JG10_RS08945;gltR;49.57
gene-JG10_RS08990;AL347_26900;83.37
gene-JG10_RS09105;AL347_27015;200.14
gene-JG10_RS09895;lexA;219.15
gene-JG10_RS09900;psrA;290.49
gene-JG10_RS10280;AL347_28225;28.80
gene-JG10_RS10460;sbrI;96.77
gene-JG10_RS10465;sbrR;34.02
gene-JG10_RS10515;atuR;93.06
gene-JG10_RS10745;AL347_28690;56.59
gene-JG10_RS10820;ospR;98.62
gene-JG10_RS10910;AL347_28855;18.77
gene-JG10_RS11555;AL347_29525;1795.10
gene-JG10_RS12005;pfeR;12.02
gene-JG10_RS12105;mvaU;894.38
gene-JG10_RS12115;AL347_30085;40.98
gene-JG10_RS12125;ppyR;17.42
gene-JG10_RS12160;AL347_30130;65.52
gene-JG10_RS12165;AL347_30135;33.78
gene-JG10_RS12500;vqsR;13.70
gene-JG10_RS12515;AL347_30490;9.73
gene-JG10_RS12525;AL347_30505;169.29
gene-JG10_RS14035;AL347_32045;40.15
gene-JG10_RS14095;AL347_32110;13.00
gene-JG10_RS14510;mexT;79.99
gene-JG10_RS14625;AL347_32680;24.57
gene-JG10_RS14630;foxR;6.05
gene-JG10_RS14710;AL347_32765;32.31
gene-JG10_RS14795;AL347_32855;12.41
gene-JG10_RS14830;pvdS;5.03
gene-JG10_RS15010;fpvR;80.13
gene-JG10_RS15015;fpvI;11.54
gene-JG10_RS15030;AL347_33095;1.12
gene-JG10_RS15360;gntR;28.22
gene-JG10_RS15460;AL347_33530;23.87
gene-JG10_RS15590;soxR;15.87
gene-JG10_RS15665;ptxS;53.35
gene-JG10_RS15670;ptxR;6.91
gene-JG10_RS15705;AL347_00810;26.14
gene-JG10_RS15825;vqsM;55.18
gene-JG10_RS16125;AL347_01365;113.32
gene-JG10_RS16275;AL347_01520;12.88
gene-JG10_RS16895;kynR;62.68
gene-JG10_RS17060;AL347_02355;1.45
gene-JG10_RS17075;cmrA;23.37
gene-JG10_RS17145;AL347_02445;40.35
gene-JG10_RS17230;liuR;615.15
gene-JG10_RS17260;AL347_02560;69.99
gene-JG10_RS17320;AL347_02620;16.06
gene-JG10_RS17425;AL347_02720;26.39
gene-JG10_RS17570;AL347_02870;71.40
gene-JG10_RS17815;qscR;9.98
gene-JG10_RS18300;hupB;1079.09
gene-JG10_RS18305;lon;593.36
gene-JG10_RS18310;clpX;1896.87
gene-JG10_RS18315;clpP;431.73
gene-JG10_RS18465;sigX;906.17
gene-JG10_RS18470;AL347_03805;99.58
gene-JG10_RS18575;cysB;342.84
gene-JG10_RS18775;exsD;33.81
gene-JG10_RS18780;exsA;44.36
gene-JG10_RS18790;exsE;13.59
gene-JG10_RS18795;exsC;51.75
gene-JG10_RS19655;anr;578.92
gene-JG10_RS19780;AL347_05155;112.79
gene-JG10_RS19860;AL347_05240;53.75
gene-JG10_RS20110;fliA;263.38
gene-JG10_RS20115;fleN;268.47
gene-JG10_RS20195;AL347_05575;14.28
gene-JG10_RS20225;lasI;184.54
gene-JG10_RS20230;lasR;232.20
gene-JG10_RS20320;AL347_05705;28.40
gene-JG10_RS21355;AL347_06765;32.18
gene-JG10_RS21405;AL347_06815;11.37
gene-JG10_RS21730;ddaR;53.53
gene-JG10_RS21800;AL347_07225;29.62
gene-JG10_RS21810;phoQ;252.47
gene-JG10_RS21815;phoP;1028.84
gene-JG10_RS22255;fleQ;179.61
gene-JG10_RS22280;fliC;4210.37
gene-JG10_RS22495;AL347_07935;32.84
gene-JG10_RS22750;mvfR;121.73
gene-JG10_RS23045;AL347_08505;56.50
gene-JG10_RS23120;gacS;47.86
gene-JG10_RS23450;mgtE;72.38
gene-JG10_RS23505;AL347_08970;216.76
gene-JG10_RS23565;argR;50.08
gene-JG10_RS23665;AL347_09140;33.68
gene-JG10_RS24065;AL347_09525;129.53
gene-JG10_RS24155;AL347_09615;21.45
gene-JG10_RS24160;lon;528.10
gene-JG10_RS24225;mucD;922.32
gene-JG10_RS24230;mucC;302.00
gene-JG10_RS24235;mucB;413.43
gene-JG10_RS24240;mucA;867.18
gene-JG10_RS24245;AL347_09705;857.31
gene-JG10_RS24365;AL347_09825;12.46
gene-JG10_RS24545;toxR;5.20
gene-JG10_RS24710;vreI;7.11
gene-JG10_RS24845;pprB;90.52
gene-JG10_RS24945;mvaT;782.16
gene-JG10_RS25140;pyeR;62.85
gene-JG10_RS25615;algW;79.89
gene-JG10_RS25695;AL347_11175;245.20
gene-JG10_RS25850;AL347_11330;340.42
gene-JG10_RS25855;AL347_11335;134.43
gene-JG10_RS25880;psdR;92.72
gene-JG10_RS26740;pilR;61.06
gene-JG10_RS26985;AL347_12465;456.78
gene-JG10_RS26995;AL347_12475;172.71
gene-JG10_RS27015;nfxB;204.21
gene-JG10_RS27330;AL347_12815;28.63
gene-JG10_RS27715;cbrA;37.75
gene-JG10_RS27720;cbrB;405.88
gene-JG10_RS27920;fur;256.71
gene-JG10_RS27945;AL347_13440;79.68
gene-JG10_RS27980;pmrA;59.99
gene-JG10_RS27985;pmrB;26.66
gene-JG10_RS27990;cueR;73.66
gene-JG10_RS28375;fis;417.10
gene-JG10_RS28500;brlR;29.38
gene-JG10_RS28560;desT;33.22
gene-JG10_RS28640;AL347_14140;33.39
gene-JG10_RS28690;AL347_14190;35.10
gene-JG10_RS28840;hfq;901.52
gene-JG10_RS29550;AL347_15075;61.59
gene-JG10_RS29645;hutC;108.62
gene-JG10_RS29745;ntrC;29.76
gene-JG10_RS30030;dctD;68.96
gene-JG10_RS30205;amgR;316.69
gene-JG10_RS30490;AL347_16020;500.86
gene-JG10_RS30520;algR;380.47
gene-JG10_RS30525;algZ;117.83
gene-JG10_RS30700;AL347_16230;49.76
gene-JG10_RS30845;sphR;27.62
gene-JG10_RS30885;AL347_16415;231.05
gene-JG10_RS30945;oxyR;259.75
gene-JG10_RS31005;glcC;22.42
gene-JG10_RS31025;phoB;52.47
gene-JG10_RS31120;betI;62.16
gene-JG10_RS31150;AL347_16690;46.16
gene-JG10_RS31195;cdhR;22.08
gene-JG10_RS31405;AL347_16955;3.80
gene-JG10_RS31435;AL347_16985;29.48
gene-JG10_RS31445;hexR;191.04
gene-JG10_RS31615;AL347_17165;41.36
gene-JG10_RS31670;algB;145.66
gene-JG10_RS31750;AL347_17315;109.69
gene-JG10_RS31785;AL347_17350;55.11
gene-JG10_RS31810;AL347_17375;37.74
gene-JG10_RS32005;AL347_17570;36.11
gene-JG10_RS32260;rsaL;42.01
