sigX;0.005
vqsM;1.0
PA5438;0.0
rpoD;1.0
rpoH;0.002
rpoS;0.001
phoP;1.0
lasR;0.001
mexT;1.0
rhlR;1.0
fleQ;1.0
pchR;1.0
rsaL;0.002
soxR;1.0
sphR;0.0
anr;0.0
fliA;0.0
rpoN;0.0
aguR;0.002
gacA;0.002
mvfR;0.0
algR;1.0
PA0167;0.0
PA1520;0.0
vqsR;1.0
algU;0.001
algZ;0.0
cysB;1.0
himA;1.0
ihf;1.0
vfr;0.011
ampR;0.003
algB;0.004
algD;0.0
amrZ;0.0
psrA;0.0
phoQ;1.0
clpP;0.002
clpX;0.003
mucA;0.002
mucB;0.0
mucC;0.002
mucD;0.002
argR;1.0
np20;0.0
cdpR;0.0
lasI;0.0
ntrC;0.009
dnr;0.006
antR;1.0
cbrB;0.001
mvaT;1.0
mvaU;0.001
bexR;0.001
fur;0.0
narL;0.001
nalC;0.0
pmrA;1.0
gbdR;0.001
metR;0.0
brlR;1.0
pprB;1.0
bauR;1.0
sbrI;0.0
fecI;0.0
bfiS;0.0
cdhR;0.0
pvdS;1.0
roxR;1.0
roxS;0.0
cifR;0.0
rocA1;0.0
PA4132;0.0
czcR;1.0
dctR;0.0
PA0120;0.0
ddaR;1.0
desT;0.001
dhcR;1.0
phhR;0.0
psdR;1.0
gltR;0.001
hexR;1.0
erbR;0.0
glpR;0.0
cmpX;0.006
exsA;0.0
fliC;0.0
exsD;0.006
mgtE;1.0
exsE;0.014
exsC;0.015
hmgR;0.0
iscR;1.0
rsmA;0.01
hfq;0.003
asrA;0.0
fhpR;0.0
ppyR;0.008
finR;0.0
fleN;0.0
hsbA;0.0
flgM;0.017
foxI;0.0
foxR;0.0
fpvI;1.0
fpvR;0.0
fruR;0.0
gacS;1.0
ptxR;0.0
ptxS;0.0
gbuR;0.0
gcsR;0.0
glcC;0.0
gntR;0.0
gpuR;1.0
PA2384;0.002
qscR;0.001
lon;0.003
hutC;0.0
kynR;1.0
algQ;1.0
lexA;0.0
PA1269;1.0
liuR;1.0
PA4769;0.0
PA0547;0.0
mexR;0.002
nalD;0.002
amgR;0.0
cpxR;0.002
nfxB;0.0
cmrA;0.0
cueR;0.002
armR;0.0
mmnR;0.0
mmsR;0.0
toxR;0.0
PA4916;0.0
PA3757;0.0
PSPA7_RS29685;0.004
vreI;0.0
PA0797;1.0
pqrR;1.0
PA1050;1.0
PA3249;0.0
PA1504;1.0
PA1539;0.0
PA2299;0.0
PA0149;0.002
PA2050;0.009
phnF;0.002
tpbA;0.0
PA4659;0.0
PA5506;0.0
mifR;0.0
pfeR;0.0
pilR;1.0
pmrB;1.0
hupB;1.0
pyeR;1.0
rbsR;1.0
recA;0.0
sbrR;0.0
sdsB1;1.0
trpI;0.0
