sigX;0.0
vqsM;1.0
PA5438;0.0
rpoD;1.0
rpoH;0.013
rpoS;0.0
phoP;1.0
lasR;0.0
mexT;1.0
rhlR;1.0
fleQ;1.0
pchR;1.0
rsaL;0.0
soxR;1.0
sphR;0.001
anr;0.006
fliA;0.0
rpoN;0.002
aguR;0.001
gacA;0.0
mvfR;0.0
algR;1.0
PA0167;0.0
PA1520;0.0
vqsR;1.0
algU;0.012
algZ;0.001
cysB;1.0
himA;1.0
ihf;1.0
vfr;0.033
ampR;0.001
algB;0.0
algD;0.0
amrZ;0.001
psrA;0.0
phoQ;1.0
clpP;0.0
clpX;0.014
mucA;0.013
mucB;0.001
mucC;0.013
mucD;0.013
argR;1.0
np20;0.0
cdpR;0.0
lasI;0.011
ntrC;0.016
dnr;0.009
antR;1.0
cbrB;0.006
mvaT;1.0
mvaU;0.002
bexR;0.012
fur;0.0
narL;0.007
nalC;0.003
pmrA;1.0
gbdR;0.002
metR;0.0
brlR;1.0
pprB;1.0
bauR;1.0
sbrI;0.002
fecI;0.0
bfiS;0.0
cdhR;0.0
pvdS;1.0
roxR;1.0
roxS;0.0
cifR;0.0
rocA1;0.002
PA4132;0.001
czcR;0.005
dctR;0.0
PA0120;0.0
ddaR;1.0
desT;0.002
dhcR;1.0
phhR;0.0
psdR;1.0
gltR;0.002
hexR;1.0
erbR;0.001
glpR;0.0
cmpX;0.001
exsA;0.001
fliC;0.0
exsD;0.0
mgtE;1.0
exsE;0.041
exsC;0.042
hmgR;0.0
iscR;1.0
rsmA;0.0
hfq;0.014
asrA;0.0
fhpR;0.0
ppyR;0.001
finR;0.0
fleN;0.0
hsbA;0.0
flgM;0.0
foxI;0.003
foxR;0.0
fpvI;1.0
fpvR;0.0
fruR;0.0
gacS;1.0
ptxR;0.0
ptxS;0.0
gbuR;0.0
gcsR;0.0
glcC;0.0
gntR;0.0
gpuR;1.0
PA2384;0.002
qscR;0.0
lon;0.014
hutC;0.001
kynR;1.0
algQ;1.0
lexA;0.0
PA1269;1.0
liuR;1.0
PA4769;0.0
PA0547;0.0
mexR;0.003
nalD;0.013
amgR;0.0
cpxR;0.013
nfxB;0.0
cmrA;0.0
cueR;0.0
armR;0.0
mmnR;0.0
mmsR;0.0
toxR;0.0
PA4916;0.0
PA3757;0.0
PSPA7_RS29685;0.003
vreI;0.0
PA0797;1.0
pqrR;1.0
PA1050;1.0
PA3249;0.0
PA1504;1.0
PA1539;0.0
PA2299;0.0
PA0149;0.0
PA2050;0.0
phnF;0.013
tpbA;0.0
PA4659;0.0
PA5506;0.001
mifR;0.0
pfeR;0.0
pilR;1.0
pmrB;1.0
hupB;1.0
pyeR;1.0
rbsR;1.0
recA;0.0
sbrR;0.0
sdsB1;1.0
trpI;0.0
