"ID 	 gene_name/lo";cus_tag;normalization
gene-JG10_RS00215;trpI;19.86
gene-JG10_RS00645;AL347_18375;28.22
gene-JG10_RS00710;bauR;33.78
gene-JG10_RS00785;AL347_18525;11.00
gene-JG10_RS01355;AL347_19125;7.21
gene-JG10_RS01460;AL347_19230;27.93
gene-JG10_RS01485;AL347_19255;21.62
gene-JG10_RS01860;AL347_19640;76.99
gene-JG10_RS01910;rpoH;761.54
gene-JG10_RS02155;mexR;204.57
gene-JG10_RS02215;AL347_20000;108.61
gene-JG10_RS02460;AL347_20270;53.13
gene-JG10_RS02655;dnr;158.21
gene-JG10_RS02760;AL347_20580;71.65
gene-JG10_RS02950;rpoD;984.65
gene-JG10_RS03030;rsmA;96.39
gene-JG10_RS03075;AL347_20885;49.40
gene-JG10_RS03325;AL347_21140;336.38
gene-JG10_RS03435;birA;98.50
gene-JG10_RS03720;pchR;4.03
gene-JG10_RS03870;bfiS;11.15
gene-JG10_RS04025;AL347_21855;3.39
gene-JG10_RS04120;AL347_21955;7.57
gene-JG10_RS04140;AL347_21975;4.93
gene-JG10_RS04195;AL347_22035;26.22
gene-JG10_RS04310;ampR;31.63
gene-JG10_RS04355;bfmR;26.69
gene-JG10_RS04580;nrdR;125.44
gene-JG10_RS04990;ladS;29.66
gene-JG10_RS05125;AL347_22975;166.73
gene-JG10_RS05370;AL347_23230;8.65
gene-JG10_RS05375;mdrR1;22.68
gene-JG10_RS05450;tpbA;2.32
gene-JG10_RS05480;narL;113.80
gene-JG10_RS05735;AL347_23595;248.79
gene-JG10_RS05820;iscR;256.09
gene-JG10_RS06125;AL347_23985;27.78
gene-JG10_RS06310;nalC;130.01
gene-JG10_RS06320;armR;587.69
gene-JG10_RS06430;AL347_24290;84.57
gene-JG10_RS06470;AL347_24330;50.58
gene-JG10_RS06805;rpoS;916.57
gene-JG10_RS06830;recA;311.52
gene-JG10_RS06895;AL347_24760;120.83
gene-JG10_RS06980;metR;30.07
gene-JG10_RS07000;AL347_24870;65.53
gene-JG10_RS07045;nalD;98.85
gene-JG10_RS07060;mmsR;21.84
gene-JG10_RS07105;AL347_24990;47.75
gene-JG10_RS07220;algD;9.54
gene-JG10_RS07435;rhlR;85.66
gene-JG10_RS07845;AL347_25740;48.27
gene-JG10_RS07910;amrZ;1010.84
gene-JG10_RS07930;AL347_25825;0.57
gene-JG10_RS08105;flgM;858.85
gene-JG10_RS08125;hsbA;77.08
gene-JG10_RS08135;AL347_26025;28.73
gene-JG10_RS08655;AL347_00275;3.62
gene-JG10_RS08880;AL347_00500;83.44
gene-JG10_RS08945;gltR;47.12
gene-JG10_RS08990;AL347_26900;78.93
gene-JG10_RS09105;AL347_27015;244.38
gene-JG10_RS09895;lexA;223.59
gene-JG10_RS09900;psrA;280.14
gene-JG10_RS10280;AL347_28225;19.45
gene-JG10_RS10460;sbrI;75.72
gene-JG10_RS10465;sbrR;40.13
gene-JG10_RS10515;atuR;76.82
gene-JG10_RS10745;AL347_28690;64.78
gene-JG10_RS10820;ospR;103.53
gene-JG10_RS10910;AL347_28855;15.41
gene-JG10_RS11555;AL347_29525;1735.46
gene-JG10_RS12005;pfeR;20.56
gene-JG10_RS12105;mvaU;1014.64
gene-JG10_RS12115;AL347_30085;35.95
gene-JG10_RS12125;ppyR;22.94
gene-JG10_RS12160;AL347_30130;58.19
gene-JG10_RS12165;AL347_30135;45.19
gene-JG10_RS12500;vqsR;10.54
gene-JG10_RS12515;AL347_30490;10.65
gene-JG10_RS12525;AL347_30505;195.30
gene-JG10_RS14035;AL347_32045;24.22
gene-JG10_RS14095;AL347_32110;9.36
gene-JG10_RS14510;mexT;87.20
gene-JG10_RS14625;AL347_32680;24.23
gene-JG10_RS14630;foxR;4.78
gene-JG10_RS14710;AL347_32765;40.20
gene-JG10_RS14795;AL347_32855;9.83
gene-JG10_RS14830;pvdS;7.39
gene-JG10_RS15010;fpvR;99.41
gene-JG10_RS15015;fpvI;20.94
gene-JG10_RS15030;AL347_33095;5.31
gene-JG10_RS15360;gntR;19.74
gene-JG10_RS15460;AL347_33530;20.97
gene-JG10_RS15590;soxR;21.44
gene-JG10_RS15665;ptxS;33.70
gene-JG10_RS15670;ptxR;7.08
gene-JG10_RS15705;AL347_00810;37.96
gene-JG10_RS15825;vqsM;83.56
gene-JG10_RS16125;AL347_01365;130.03
gene-JG10_RS16275;AL347_01520;16.57
gene-JG10_RS16895;kynR;57.70
gene-JG10_RS17060;AL347_02355;0.79
gene-JG10_RS17075;cmrA;24.59
gene-JG10_RS17145;AL347_02445;46.49
gene-JG10_RS17230;liuR;460.56
gene-JG10_RS17260;AL347_02560;52.61
gene-JG10_RS17320;AL347_02620;17.32
gene-JG10_RS17425;AL347_02720;23.93
gene-JG10_RS17570;AL347_02870;53.21
gene-JG10_RS17815;qscR;11.84
gene-JG10_RS18300;hupB;1421.82
gene-JG10_RS18305;lon;709.35
gene-JG10_RS18310;clpX;1811.50
gene-JG10_RS18315;clpP;491.85
gene-JG10_RS18465;sigX;1034.99
gene-JG10_RS18470;AL347_03805;115.59
gene-JG10_RS18575;cysB;298.74
gene-JG10_RS18775;exsD;21.63
gene-JG10_RS18780;exsA;30.97
gene-JG10_RS18790;exsE;12.91
gene-JG10_RS18795;exsC;60.85
gene-JG10_RS19655;anr;562.16
gene-JG10_RS19780;AL347_05155;147.51
gene-JG10_RS19860;AL347_05240;68.70
gene-JG10_RS20110;fliA;220.27
gene-JG10_RS20115;fleN;220.10
gene-JG10_RS20195;AL347_05575;15.81
gene-JG10_RS20225;lasI;156.33
gene-JG10_RS20230;lasR;197.66
gene-JG10_RS20320;AL347_05705;35.64
gene-JG10_RS21355;AL347_06765;42.49
gene-JG10_RS21405;AL347_06815;11.31
gene-JG10_RS21730;ddaR;31.48
gene-JG10_RS21800;AL347_07225;20.99
gene-JG10_RS21810;phoQ;193.82
gene-JG10_RS21815;phoP;796.67
gene-JG10_RS22255;fleQ;203.22
gene-JG10_RS22280;fliC;4173.57
gene-JG10_RS22495;AL347_07935;31.51
gene-JG10_RS22750;mvfR;99.42
gene-JG10_RS23045;AL347_08505;53.44
gene-JG10_RS23120;gacS;52.07
gene-JG10_RS23450;mgtE;99.67
gene-JG10_RS23505;AL347_08970;349.19
gene-JG10_RS23565;argR;48.65
gene-JG10_RS23665;AL347_09140;33.20
gene-JG10_RS24065;AL347_09525;102.39
gene-JG10_RS24155;AL347_09615;25.85
gene-JG10_RS24160;lon;527.18
gene-JG10_RS24225;mucD;690.39
gene-JG10_RS24230;mucC;347.29
gene-JG10_RS24235;mucB;275.30
gene-JG10_RS24240;mucA;640.93
gene-JG10_RS24245;AL347_09705;698.96
gene-JG10_RS24365;AL347_09825;8.23
gene-JG10_RS24545;toxR;5.67
gene-JG10_RS24710;vreI;7.05
gene-JG10_RS24845;pprB;108.87
gene-JG10_RS24945;mvaT;1247.18
gene-JG10_RS25140;pyeR;82.65
gene-JG10_RS25615;algW;99.09
gene-JG10_RS25695;AL347_11175;296.70
gene-JG10_RS25850;AL347_11330;331.35
gene-JG10_RS25855;AL347_11335;145.35
gene-JG10_RS25880;psdR;106.73
gene-JG10_RS26740;pilR;63.35
gene-JG10_RS26985;AL347_12465;469.16
gene-JG10_RS26995;AL347_12475;120.93
gene-JG10_RS27015;nfxB;177.39
gene-JG10_RS27330;AL347_12815;19.56
gene-JG10_RS27715;cbrA;41.85
gene-JG10_RS27720;cbrB;377.79
gene-JG10_RS27920;fur;272.67
gene-JG10_RS27945;AL347_13440;84.94
gene-JG10_RS27980;pmrA;22.43
gene-JG10_RS27985;pmrB;12.00
gene-JG10_RS27990;cueR;62.93
gene-JG10_RS28375;fis;652.49
gene-JG10_RS28500;brlR;35.80
gene-JG10_RS28560;desT;26.95
gene-JG10_RS28640;AL347_14140;29.48
gene-JG10_RS28690;AL347_14190;29.88
gene-JG10_RS28840;hfq;772.82
gene-JG10_RS29550;AL347_15075;45.56
gene-JG10_RS29645;hutC;74.22
gene-JG10_RS29745;ntrC;27.53
gene-JG10_RS30030;dctD;66.14
gene-JG10_RS30205;amgR;248.70
gene-JG10_RS30490;AL347_16020;516.21
gene-JG10_RS30520;algR;278.45
gene-JG10_RS30525;algZ;123.20
gene-JG10_RS30700;AL347_16230;30.19
gene-JG10_RS30845;sphR;26.03
gene-JG10_RS30885;AL347_16415;262.80
gene-JG10_RS30945;oxyR;258.90
gene-JG10_RS31005;glcC;18.98
gene-JG10_RS31025;phoB;69.59
gene-JG10_RS31120;betI;47.66
gene-JG10_RS31150;AL347_16690;43.25
gene-JG10_RS31195;cdhR;23.48
gene-JG10_RS31405;AL347_16955;4.34
gene-JG10_RS31435;AL347_16985;33.14
gene-JG10_RS31445;hexR;133.57
gene-JG10_RS31615;AL347_17165;43.54
gene-JG10_RS31670;algB;96.12
gene-JG10_RS31750;AL347_17315;89.28
gene-JG10_RS31785;AL347_17350;44.10
gene-JG10_RS31810;AL347_17375;33.32
gene-JG10_RS32005;AL347_17570;54.58
gene-JG10_RS32260;rsaL;40.23
