sigX;0.001
vqsM;1.0
PA5438;0.0
rpoD;1.0
rpoH;1.0
rpoS;0.0
phoP;1.0
lasR;0.0
mexT;1.0
rhlR;0.0
fleQ;1.0
pchR;0.022
rsaL;0.0
soxR;1.0
sphR;0.001
anr;0.0
fliA;0.003
rpoN;0.001
aguR;0.0
gacA;0.0
mvfR;0.002
algR;1.0
PA0167;0.002
PA1520;0.0
vqsR;1.0
algU;1.0
algZ;1.0
cysB;1.0
himA;1.0
ihf;1.0
vfr;1.0
ampR;0.0
algB;0.0
algD;0.002
amrZ;0.0
psrA;0.0
phoQ;1.0
clpP;0.0
clpX;1.0
mucA;1.0
mucB;0.0
mucC;1.0
mucD;1.0
argR;1.0
np20;0.0
cdpR;0.003
lasI;1.0
ntrC;0.0
dnr;0.002
antR;1.0
cbrB;0.001
mvaT;1.0
mvaU;0.0
bexR;0.003
fur;0.0
narL;0.002
nalC;0.0
pmrA;1.0
gbdR;1.0
metR;0.0
brlR;1.0
pprB;1.0
bauR;1.0
sbrI;0.0
fecI;0.009
bfiS;0.01
cdhR;0.0
pvdS;1.0
roxR;1.0
roxS;0.0
cifR;0.0
rocA1;0.003
PA4132;0.001
czcR;1.0
dctR;0.0
PA0120;0.0
ddaR;0.003
desT;0.0
dhcR;1.0
phhR;0.0
psdR;1.0
gltR;0.0
hexR;1.0
erbR;0.0
glpR;0.001
cmpX;0.0
exsA;0.0
fliC;0.0
exsD;0.0
mgtE;1.0
exsE;0.0
exsC;0.0
hmgR;0.0
iscR;1.0
rsmA;0.0
hfq;1.0
asrA;0.0
fhpR;0.0
ppyR;0.001
finR;0.0
fleN;0.0
hsbA;1.0
flgM;1.0
foxI;0.009
foxR;0.0
fpvI;0.022
fpvR;0.0
fruR;0.0
gacS;1.0
ptxR;0.0
ptxS;0.002
gbuR;0.0
gcsR;0.0
glcC;0.0
gntR;0.0
gpuR;1.0
PA2384;0.0
qscR;0.001
lon;1.0
hutC;0.0
kynR;1.0
algQ;1.0
lexA;0.0
PA1269;1.0
liuR;1.0
PA4769;0.0
PA0547;0.0
mexR;0.004
nalD;1.0
amgR;0.0
cpxR;1.0
nfxB;0.0
cmrA;0.0
cueR;0.0
armR;0.0
mmnR;0.0
mmsR;0.0
toxR;0.0
PA4916;0.0
PA3757;0.0
PSPA7_RS29685;0.0
vreI;0.0
PA0797;1.0
pqrR;1.0
PA1050;1.0
PA3249;0.0
PA1504;1.0
PA1539;0.0
PA2299;0.0
PA0149;0.001
PA2050;0.001
phnF;1.0
tpbA;0.0
PA4659;0.0
PA5506;0.001
mifR;0.0
pfeR;0.0
pilR;1.0
pmrB;1.0
hupB;1.0
pyeR;1.0
rbsR;1.0
recA;0.002
sbrR;0.0
sdsB1;1.0
trpI;0.0
