"ID 	 gene_name/lo";cus_tag;normalization
gene-JG10_RS00215;trpI;26.81
gene-JG10_RS00645;AL347_18375;30.86
gene-JG10_RS00710;bauR;35.11
gene-JG10_RS00785;AL347_18525;146.59
gene-JG10_RS01355;AL347_19125;14.03
gene-JG10_RS01460;AL347_19230;32.84
gene-JG10_RS01485;AL347_19255;43.35
gene-JG10_RS01860;AL347_19640;209.45
gene-JG10_RS01910;rpoH;948.53
gene-JG10_RS02155;mexR;601.40
gene-JG10_RS02215;AL347_20000;116.05
gene-JG10_RS02460;AL347_20270;50.45
gene-JG10_RS02655;dnr;53.06
gene-JG10_RS02760;AL347_20580;261.85
gene-JG10_RS02950;rpoD;764.09
gene-JG10_RS03030;rsmA;95.00
gene-JG10_RS03075;AL347_20885;90.49
gene-JG10_RS03325;AL347_21140;298.72
gene-JG10_RS03435;birA;121.35
gene-JG10_RS03720;pchR;561.22
gene-JG10_RS03870;bfiS;9.21
gene-JG10_RS04025;AL347_21855;11.61
gene-JG10_RS04120;AL347_21955;19.35
gene-JG10_RS04140;AL347_21975;5.55
gene-JG10_RS04195;AL347_22035;24.88
gene-JG10_RS04310;ampR;39.07
gene-JG10_RS04355;bfmR;28.42
gene-JG10_RS04580;nrdR;164.36
gene-JG10_RS04990;ladS;43.01
gene-JG10_RS05125;AL347_22975;95.05
gene-JG10_RS05370;AL347_23230;310.40
gene-JG10_RS05375;mdrR1;71.73
gene-JG10_RS05450;tpbA;4.49
gene-JG10_RS05480;narL;40.19
gene-JG10_RS05735;AL347_23595;248.88
gene-JG10_RS05820;iscR;840.80
gene-JG10_RS06125;AL347_23985;10.46
gene-JG10_RS06310;nalC;114.12
gene-JG10_RS06320;armR;1246.60
gene-JG10_RS06430;AL347_24290;87.02
gene-JG10_RS06470;AL347_24330;90.69
gene-JG10_RS06805;rpoS;1237.57
gene-JG10_RS06830;recA;186.99
gene-JG10_RS06895;AL347_24760;136.10
gene-JG10_RS06980;metR;42.61
gene-JG10_RS07000;AL347_24870;94.11
gene-JG10_RS07045;nalD;120.48
gene-JG10_RS07060;mmsR;27.85
gene-JG10_RS07105;AL347_24990;59.23
gene-JG10_RS07220;algD;14.24
gene-JG10_RS07435;rhlR;185.37
gene-JG10_RS07845;AL347_25740;78.33
gene-JG10_RS07910;amrZ;1902.15
gene-JG10_RS07930;AL347_25825;1.94
gene-JG10_RS08105;flgM;1026.75
gene-JG10_RS08125;hsbA;163.10
gene-JG10_RS08135;AL347_26025;87.45
gene-JG10_RS08655;AL347_00275;15.39
gene-JG10_RS08880;AL347_00500;100.43
gene-JG10_RS08945;gltR;104.65
gene-JG10_RS08990;AL347_26900;179.67
gene-JG10_RS09105;AL347_27015;595.21
gene-JG10_RS09895;lexA;153.55
gene-JG10_RS09900;psrA;170.72
gene-JG10_RS10280;AL347_28225;14.28
gene-JG10_RS10460;sbrI;80.78
gene-JG10_RS10465;sbrR;16.18
gene-JG10_RS10515;atuR;145.99
gene-JG10_RS10745;AL347_28690;44.82
gene-JG10_RS10820;ospR;72.52
gene-JG10_RS10910;AL347_28855;29.11
gene-JG10_RS11555;AL347_29525;1659.79
gene-JG10_RS12005;pfeR;378.88
gene-JG10_RS12105;mvaU;1352.58
gene-JG10_RS12115;AL347_30085;40.66
gene-JG10_RS12125;ppyR;12.52
gene-JG10_RS12160;AL347_30130;62.84
gene-JG10_RS12165;AL347_30135;51.75
gene-JG10_RS12500;vqsR;14.32
gene-JG10_RS12515;AL347_30490;19.68
gene-JG10_RS12525;AL347_30505;345.75
gene-JG10_RS14035;AL347_32045;25.07
gene-JG10_RS14095;AL347_32110;17.61
gene-JG10_RS14510;mexT;154.60
gene-JG10_RS14625;AL347_32680;858.03
gene-JG10_RS14630;foxR;164.92
gene-JG10_RS14710;AL347_32765;56.95
gene-JG10_RS14795;AL347_32855;21.64
gene-JG10_RS14830;pvdS;2715.98
gene-JG10_RS15010;fpvR;264.55
gene-JG10_RS15015;fpvI;158.18
gene-JG10_RS15030;AL347_33095;266.72
gene-JG10_RS15360;gntR;215.71
gene-JG10_RS15460;AL347_33530;18.77
gene-JG10_RS15590;soxR;50.74
gene-JG10_RS15665;ptxS;305.46
gene-JG10_RS15670;ptxR;9.36
gene-JG10_RS15705;AL347_00810;63.24
gene-JG10_RS15825;vqsM;68.31
gene-JG10_RS16125;AL347_01365;176.52
gene-JG10_RS16275;AL347_01520;26.71
gene-JG10_RS16895;kynR;53.69
gene-JG10_RS17060;AL347_02355;16.02
gene-JG10_RS17075;cmrA;48.51
gene-JG10_RS17145;AL347_02445;94.16
gene-JG10_RS17230;liuR;83.47
gene-JG10_RS17260;AL347_02560;26.89
gene-JG10_RS17320;AL347_02620;13.87
gene-JG10_RS17425;AL347_02720;24.51
gene-JG10_RS17570;AL347_02870;30.55
gene-JG10_RS17815;qscR;11.09
gene-JG10_RS18300;hupB;2163.35
gene-JG10_RS18305;lon;752.20
gene-JG10_RS18310;clpX;1808.07
gene-JG10_RS18315;clpP;502.11
gene-JG10_RS18465;sigX;517.06
gene-JG10_RS18470;AL347_03805;74.10
gene-JG10_RS18575;cysB;284.03
gene-JG10_RS18775;exsD;92.25
gene-JG10_RS18780;exsA;210.78
gene-JG10_RS18790;exsE;39.81
gene-JG10_RS18795;exsC;189.75
gene-JG10_RS19655;anr;235.60
gene-JG10_RS19780;AL347_05155;178.50
gene-JG10_RS19860;AL347_05240;75.70
gene-JG10_RS20110;fliA;324.77
gene-JG10_RS20115;fleN;344.26
gene-JG10_RS20195;AL347_05575;21.44
gene-JG10_RS20225;lasI;28.62
gene-JG10_RS20230;lasR;171.18
gene-JG10_RS20320;AL347_05705;43.06
gene-JG10_RS21355;AL347_06765;53.48
gene-JG10_RS21405;AL347_06815;17.64
gene-JG10_RS21730;ddaR;11.33
gene-JG10_RS21800;AL347_07225;36.53
gene-JG10_RS21810;phoQ;219.18
gene-JG10_RS21815;phoP;711.63
gene-JG10_RS22255;fleQ;320.60
gene-JG10_RS22280;fliC;2588.02
gene-JG10_RS22495;AL347_07935;28.05
gene-JG10_RS22750;mvfR;112.48
gene-JG10_RS23045;AL347_08505;117.56
gene-JG10_RS23120;gacS;47.73
gene-JG10_RS23450;mgtE;154.67
gene-JG10_RS23505;AL347_08970;768.17
gene-JG10_RS23565;argR;76.01
gene-JG10_RS23665;AL347_09140;20.44
gene-JG10_RS24065;AL347_09525;44.70
gene-JG10_RS24155;AL347_09615;55.39
gene-JG10_RS24160;lon;457.58
gene-JG10_RS24225;mucD;608.82
gene-JG10_RS24230;mucC;326.55
gene-JG10_RS24235;mucB;183.65
gene-JG10_RS24240;mucA;318.86
gene-JG10_RS24245;AL347_09705;497.60
gene-JG10_RS24365;AL347_09825;12.64
gene-JG10_RS24545;toxR;58.04
gene-JG10_RS24710;vreI;52.70
gene-JG10_RS24845;pprB;94.77
gene-JG10_RS24945;mvaT;795.40
gene-JG10_RS25140;pyeR;197.34
gene-JG10_RS25615;algW;105.41
gene-JG10_RS25695;AL347_11175;172.20
gene-JG10_RS25850;AL347_11330;215.33
gene-JG10_RS25855;AL347_11335;105.77
gene-JG10_RS25880;psdR;92.92
gene-JG10_RS26740;pilR;67.63
gene-JG10_RS26985;AL347_12465;485.69
gene-JG10_RS26995;AL347_12475;30.22
gene-JG10_RS27015;nfxB;85.13
gene-JG10_RS27330;AL347_12815;36.68
gene-JG10_RS27715;cbrA;44.24
gene-JG10_RS27720;cbrB;215.15
gene-JG10_RS27920;fur;826.44
gene-JG10_RS27945;AL347_13440;144.87
gene-JG10_RS27980;pmrA;387.06
gene-JG10_RS27985;pmrB;165.01
gene-JG10_RS27990;cueR;208.75
gene-JG10_RS28375;fis;512.47
gene-JG10_RS28500;brlR;44.81
gene-JG10_RS28560;desT;73.20
gene-JG10_RS28640;AL347_14140;54.45
gene-JG10_RS28690;AL347_14190;81.28
gene-JG10_RS28840;hfq;1475.81
gene-JG10_RS29550;AL347_15075;54.09
gene-JG10_RS29645;hutC;42.01
gene-JG10_RS29745;ntrC;46.87
gene-JG10_RS30030;dctD;74.14
gene-JG10_RS30205;amgR;146.31
gene-JG10_RS30490;AL347_16020;826.51
gene-JG10_RS30520;algR;262.32
gene-JG10_RS30525;algZ;174.59
gene-JG10_RS30700;AL347_16230;57.63
gene-JG10_RS30845;sphR;43.19
gene-JG10_RS30885;AL347_16415;337.99
gene-JG10_RS30945;oxyR;232.78
gene-JG10_RS31005;glcC;42.94
gene-JG10_RS31025;phoB;64.85
gene-JG10_RS31120;betI;36.49
gene-JG10_RS31150;AL347_16690;84.23
gene-JG10_RS31195;cdhR;36.65
gene-JG10_RS31405;AL347_16955;6.26
gene-JG10_RS31435;AL347_16985;33.78
gene-JG10_RS31445;hexR;163.53
gene-JG10_RS31615;AL347_17165;55.95
gene-JG10_RS31670;algB;53.40
gene-JG10_RS31750;AL347_17315;74.64
gene-JG10_RS31785;AL347_17350;13.92
gene-JG10_RS31810;AL347_17375;70.52
gene-JG10_RS32005;AL347_17570;70.93
gene-JG10_RS32260;rsaL;28.14
