sigX;0.0
vqsM;1.0
PA5438;0.0
rpoD;1.0
rpoH;1.0
rpoS;1.0
phoP;1.0
lasR;0.006
mexT;1.0
rhlR;1.0
fleQ;1.0
pchR;0.0
rsaL;0.005
soxR;1.0
sphR;0.0
anr;0.0
fliA;0.0
rpoN;0.003
aguR;0.0
gacA;0.0
mvfR;0.0
algR;1.0
PA0167;0.0
PA1520;0.0
vqsR;1.0
algU;1.0
algZ;1.0
cysB;1.0
himA;1.0
ihf;1.0
vfr;0.077
ampR;0.005
algB;0.006
algD;0.0
amrZ;0.002
psrA;0.0
phoQ;1.0
clpP;0.007
clpX;1.0
mucA;1.0
mucB;0.001
mucC;1.0
mucD;1.0
argR;1.0
np20;0.0
cdpR;0.0
lasI;0.011
ntrC;0.0
dnr;0.002
antR;1.0
cbrB;0.008
mvaT;1.0
mvaU;0.001
bexR;0.008
fur;1.0
narL;0.003
nalC;0.004
pmrA;1.0
gbdR;1.0
metR;0.0
brlR;1.0
pprB;1.0
bauR;1.0
sbrI;0.007
fecI;0.001
bfiS;0.002
cdhR;0.0
pvdS;1.0
roxR;1.0
roxS;0.0
cifR;0.0
rocA1;0.0
PA4132;0.002
czcR;0.0
dctR;1.0
PA0120;0.0
ddaR;0.002
desT;0.002
dhcR;1.0
phhR;0.0
psdR;1.0
gltR;1.0
hexR;1.0
erbR;1.0
glpR;1.0
cmpX;0.0
exsA;1.0
fliC;0.006
exsD;1.0
mgtE;1.0
exsE;1.0
exsC;1.0
hmgR;0.0
iscR;1.0
rsmA;0.001
hfq;1.0
asrA;0.004
fhpR;0.005
ppyR;0.004
finR;0.0
fleN;0.004
hsbA;1.0
flgM;1.0
foxI;1.0
foxR;1.0
fpvI;0.001
fpvR;1.0
fruR;0.0
gacS;1.0
ptxR;0.001
ptxS;0.0
gbuR;1.0
gcsR;0.004
glcC;0.0
gntR;0.0
gpuR;1.0
PA2384;0.0
qscR;0.004
lon;1.0
hutC;0.0
kynR;1.0
algQ;1.0
lexA;0.0
PA1269;1.0
liuR;1.0
PA4769;0.0
PA0547;0.0
mexR;0.007
nalD;1.0
amgR;0.004
cpxR;1.0
nfxB;0.0
cmrA;1.0
cueR;0.007
armR;0.005
mmnR;0.0
mmsR;0.0
toxR;0.078
PA4916;0.0
PA3757;0.0
PSPA7_RS29685;0.001
vreI;0.005
PA0797;1.0
pqrR;1.0
PA1050;1.0
PA3249;0.0
PA1504;1.0
PA1539;0.0
PA2299;0.0
PA0149;0.0
PA2050;0.0
phnF;1.0
tpbA;0.007
PA4659;0.0
PA5506;0.0
mifR;0.004
pfeR;1.0
pilR;1.0
pmrB;1.0
hupB;1.0
pyeR;1.0
rbsR;1.0
recA;0.007
sbrR;0.004
sdsB1;1.0
trpI;0.0
