"ID 	 gene_name/lo";cus_tag;normalization
gene-JG10_RS00215;trpI;12.97
gene-JG10_RS00645;AL347_18375;5.60
gene-JG10_RS00710;bauR;10.70
gene-JG10_RS00785;AL347_18525;17.86
gene-JG10_RS01355;AL347_19125;5.24
gene-JG10_RS01460;AL347_19230;11.24
gene-JG10_RS01485;AL347_19255;13.62
gene-JG10_RS01860;AL347_19640;26.27
gene-JG10_RS01910;rpoH;704.22
gene-JG10_RS02155;mexR;373.81
gene-JG10_RS02215;AL347_20000;71.49
gene-JG10_RS02460;AL347_20270;20.48
gene-JG10_RS02655;dnr;48.83
gene-JG10_RS02760;AL347_20580;517.67
gene-JG10_RS02950;rpoD;1196.41
gene-JG10_RS03030;rsmA;183.78
gene-JG10_RS03075;AL347_20885;42.33
gene-JG10_RS03325;AL347_21140;310.85
gene-JG10_RS03435;birA;208.54
gene-JG10_RS03720;pchR;37.19
gene-JG10_RS03870;bfiS;13.17
gene-JG10_RS04025;AL347_21855;4.62
gene-JG10_RS04120;AL347_21955;57.37
gene-JG10_RS04140;AL347_21975;6.06
gene-JG10_RS04195;AL347_22035;87.47
gene-JG10_RS04310;ampR;20.47
gene-JG10_RS04355;bfmR;9.74
gene-JG10_RS04580;nrdR;99.87
gene-JG10_RS04990;ladS;40.63
gene-JG10_RS05125;AL347_22975;67.62
gene-JG10_RS05370;AL347_23230;27.08
gene-JG10_RS05375;mdrR1;25.64
gene-JG10_RS05450;tpbA;5.23
gene-JG10_RS05480;narL;19.69
gene-JG10_RS05735;AL347_23595;122.47
gene-JG10_RS05820;iscR;931.63
gene-JG10_RS06125;AL347_23985;15.17
gene-JG10_RS06310;nalC;60.19
gene-JG10_RS06320;armR;518.46
gene-JG10_RS06430;AL347_24290;42.00
gene-JG10_RS06470;AL347_24330;47.97
gene-JG10_RS06805;rpoS;373.62
gene-JG10_RS06830;recA;322.64
gene-JG10_RS06895;AL347_24760;78.74
gene-JG10_RS06980;metR;44.00
gene-JG10_RS07000;AL347_24870;47.23
gene-JG10_RS07045;nalD;94.04
gene-JG10_RS07060;mmsR;13.91
gene-JG10_RS07105;AL347_24990;34.74
gene-JG10_RS07220;algD;7.99
gene-JG10_RS07435;rhlR;173.76
gene-JG10_RS07845;AL347_25740;28.18
gene-JG10_RS07910;amrZ;1014.70
gene-JG10_RS07930;AL347_25825;1.69
gene-JG10_RS08105;flgM;1055.56
gene-JG10_RS08125;hsbA;107.62
gene-JG10_RS08135;AL347_26025;48.65
gene-JG10_RS08655;AL347_00275;6.39
gene-JG10_RS08880;AL347_00500;44.64
gene-JG10_RS08945;gltR;19.18
gene-JG10_RS08990;AL347_26900;66.86
gene-JG10_RS09105;AL347_27015;388.27
gene-JG10_RS09895;lexA;315.05
gene-JG10_RS09900;psrA;1239.27
gene-JG10_RS10280;AL347_28225;3.94
gene-JG10_RS10460;sbrI;195.31
gene-JG10_RS10465;sbrR;55.88
gene-JG10_RS10515;atuR;34.74
gene-JG10_RS10745;AL347_28690;1439.12
gene-JG10_RS10820;ospR;107.40
gene-JG10_RS10910;AL347_28855;18.94
gene-JG10_RS11555;AL347_29525;992.49
gene-JG10_RS12005;pfeR;59.25
gene-JG10_RS12105;mvaU;320.56
gene-JG10_RS12115;AL347_30085;20.58
gene-JG10_RS12125;ppyR;4.59
gene-JG10_RS12160;AL347_30130;68.84
gene-JG10_RS12165;AL347_30135;74.24
gene-JG10_RS12500;vqsR;39.67
gene-JG10_RS12515;AL347_30490;13.89
gene-JG10_RS12525;AL347_30505;291.79
gene-JG10_RS14035;AL347_32045;38.84
gene-JG10_RS14095;AL347_32110;10.39
gene-JG10_RS14510;mexT;30.47
gene-JG10_RS14625;AL347_32680;60.98
gene-JG10_RS14630;foxR;8.94
gene-JG10_RS14710;AL347_32765;31.94
gene-JG10_RS14795;AL347_32855;8.76
gene-JG10_RS14830;pvdS;60.99
gene-JG10_RS15010;fpvR;68.94
gene-JG10_RS15015;fpvI;20.38
gene-JG10_RS15030;AL347_33095;82.74
gene-JG10_RS15360;gntR;6.75
gene-JG10_RS15460;AL347_33530;21.00
gene-JG10_RS15590;soxR;7.39
gene-JG10_RS15665;ptxS;11.05
gene-JG10_RS15670;ptxR;7.19
gene-JG10_RS15705;AL347_00810;40.46
gene-JG10_RS15825;vqsM;37.61
gene-JG10_RS16125;AL347_01365;171.08
gene-JG10_RS16275;AL347_01520;9.90
gene-JG10_RS16895;kynR;39.86
gene-JG10_RS17060;AL347_02355;1.93
gene-JG10_RS17075;cmrA;22.86
gene-JG10_RS17145;AL347_02445;18.92
gene-JG10_RS17230;liuR;90.64
gene-JG10_RS17260;AL347_02560;45.32
gene-JG10_RS17320;AL347_02620;17.02
gene-JG10_RS17425;AL347_02720;12.03
gene-JG10_RS17570;AL347_02870;19.04
gene-JG10_RS17815;qscR;22.72
gene-JG10_RS18300;hupB;934.92
gene-JG10_RS18305;lon;512.91
gene-JG10_RS18310;clpX;1697.91
gene-JG10_RS18315;clpP;840.74
gene-JG10_RS18465;sigX;1366.86
gene-JG10_RS18470;AL347_03805;426.10
gene-JG10_RS18575;cysB;218.81
gene-JG10_RS18775;exsD;20.31
gene-JG10_RS18780;exsA;29.21
gene-JG10_RS18790;exsE;5.42
gene-JG10_RS18795;exsC;36.76
gene-JG10_RS19655;anr;347.15
gene-JG10_RS19780;AL347_05155;77.17
gene-JG10_RS19860;AL347_05240;52.75
gene-JG10_RS20110;fliA;869.81
gene-JG10_RS20115;fleN;1049.36
gene-JG10_RS20195;AL347_05575;8.98
gene-JG10_RS20225;lasI;351.23
gene-JG10_RS20230;lasR;242.70
gene-JG10_RS20320;AL347_05705;48.42
gene-JG10_RS21355;AL347_06765;54.87
gene-JG10_RS21405;AL347_06815;5.65
gene-JG10_RS21730;ddaR;8.42
gene-JG10_RS21800;AL347_07225;13.73
gene-JG10_RS21810;phoQ;807.98
gene-JG10_RS21815;phoP;2073.96
gene-JG10_RS22255;fleQ;137.95
gene-JG10_RS22280;fliC;2187.87
gene-JG10_RS22495;AL347_07935;21.38
gene-JG10_RS22750;mvfR;133.12
gene-JG10_RS23045;AL347_08505;59.40
gene-JG10_RS23120;gacS;53.95
gene-JG10_RS23450;mgtE;179.83
gene-JG10_RS23505;AL347_08970;598.37
gene-JG10_RS23565;argR;91.11
gene-JG10_RS23665;AL347_09140;18.95
gene-JG10_RS24065;AL347_09525;115.27
gene-JG10_RS24155;AL347_09615;63.01
gene-JG10_RS24160;lon;167.37
gene-JG10_RS24225;mucD;521.51
gene-JG10_RS24230;mucC;494.93
gene-JG10_RS24235;mucB;638.24
gene-JG10_RS24240;mucA;903.34
gene-JG10_RS24245;AL347_09705;1955.71
gene-JG10_RS24365;AL347_09825;5.93
gene-JG10_RS24545;toxR;11.45
gene-JG10_RS24710;vreI;9.34
gene-JG10_RS24845;pprB;81.74
gene-JG10_RS24945;mvaT;288.60
gene-JG10_RS25140;pyeR;37.68
gene-JG10_RS25615;algW;104.38
gene-JG10_RS25695;AL347_11175;192.10
gene-JG10_RS25850;AL347_11330;279.45
gene-JG10_RS25855;AL347_11335;296.06
gene-JG10_RS25880;psdR;133.21
gene-JG10_RS26740;pilR;49.95
gene-JG10_RS26985;AL347_12465;174.16
gene-JG10_RS26995;AL347_12475;23.67
gene-JG10_RS27015;nfxB;44.74
gene-JG10_RS27330;AL347_12815;23.80
gene-JG10_RS27715;cbrA;37.19
gene-JG10_RS27720;cbrB;76.08
gene-JG10_RS27920;fur;640.22
gene-JG10_RS27945;AL347_13440;89.21
gene-JG10_RS27980;pmrA;177.44
gene-JG10_RS27985;pmrB;74.40
gene-JG10_RS27990;cueR;78.84
gene-JG10_RS28375;fis;1650.67
gene-JG10_RS28500;brlR;27.85
gene-JG10_RS28560;desT;15.23
gene-JG10_RS28640;AL347_14140;23.28
gene-JG10_RS28690;AL347_14190;9.51
gene-JG10_RS28840;hfq;1618.09
gene-JG10_RS29550;AL347_15075;27.42
gene-JG10_RS29645;hutC;29.54
gene-JG10_RS29745;ntrC;28.52
gene-JG10_RS30030;dctD;23.41
gene-JG10_RS30205;amgR;158.61
gene-JG10_RS30490;AL347_16020;101.51
gene-JG10_RS30520;algR;200.81
gene-JG10_RS30525;algZ;144.98
gene-JG10_RS30700;AL347_16230;24.34
gene-JG10_RS30845;sphR;40.14
gene-JG10_RS30885;AL347_16415;202.23
gene-JG10_RS30945;oxyR;178.95
gene-JG10_RS31005;glcC;8.12
gene-JG10_RS31025;phoB;48.26
gene-JG10_RS31120;betI;17.97
gene-JG10_RS31150;AL347_16690;14.06
gene-JG10_RS31195;cdhR;5.94
gene-JG10_RS31405;AL347_16955;2.13
gene-JG10_RS31435;AL347_16985;93.60
gene-JG10_RS31445;hexR;128.07
gene-JG10_RS31615;AL347_17165;51.88
gene-JG10_RS31670;algB;62.09
gene-JG10_RS31750;AL347_17315;32.14
gene-JG10_RS31785;AL347_17350;24.55
gene-JG10_RS31810;AL347_17375;31.83
gene-JG10_RS32005;AL347_17570;253.91
gene-JG10_RS32260;rsaL;82.88
