"ID 	 gene_name/lo";cus_tag;normalization
gene-JG10_RS00215;trpI;23.67
gene-JG10_RS00645;AL347_18375;20.82
gene-JG10_RS00710;bauR;32.48
gene-JG10_RS00785;AL347_18525;97.08
gene-JG10_RS01355;AL347_19125;11.97
gene-JG10_RS01460;AL347_19230;34.29
gene-JG10_RS01485;AL347_19255;45.59
gene-JG10_RS01860;AL347_19640;169.62
gene-JG10_RS01910;rpoH;1005.02
gene-JG10_RS02155;mexR;544.27
gene-JG10_RS02215;AL347_20000;84.34
gene-JG10_RS02460;AL347_20270;49.96
gene-JG10_RS02655;dnr;54.34
gene-JG10_RS02760;AL347_20580;281.98
gene-JG10_RS02950;rpoD;637.78
gene-JG10_RS03030;rsmA;78.02
gene-JG10_RS03075;AL347_20885;78.97
gene-JG10_RS03325;AL347_21140;349.77
gene-JG10_RS03435;birA;113.91
gene-JG10_RS03720;pchR;431.34
gene-JG10_RS03870;bfiS;10.95
gene-JG10_RS04025;AL347_21855;11.30
gene-JG10_RS04120;AL347_21955;15.30
gene-JG10_RS04140;AL347_21975;6.89
gene-JG10_RS04195;AL347_22035;15.03
gene-JG10_RS04310;ampR;43.18
gene-JG10_RS04355;bfmR;22.21
gene-JG10_RS04580;nrdR;128.73
gene-JG10_RS04990;ladS;32.31
gene-JG10_RS05125;AL347_22975;73.97
gene-JG10_RS05370;AL347_23230;237.51
gene-JG10_RS05375;mdrR1;48.98
gene-JG10_RS05450;tpbA;2.91
gene-JG10_RS05480;narL;41.13
gene-JG10_RS05735;AL347_23595;254.17
gene-JG10_RS05820;iscR;556.91
gene-JG10_RS06125;AL347_23985;13.90
gene-JG10_RS06310;nalC;87.73
gene-JG10_RS06320;armR;1276.66
gene-JG10_RS06430;AL347_24290;95.49
gene-JG10_RS06470;AL347_24330;76.86
gene-JG10_RS06805;rpoS;1539.19
gene-JG10_RS06830;recA;169.00
gene-JG10_RS06895;AL347_24760;117.18
gene-JG10_RS06980;metR;33.80
gene-JG10_RS07000;AL347_24870;69.31
gene-JG10_RS07045;nalD;103.17
gene-JG10_RS07060;mmsR;20.08
gene-JG10_RS07105;AL347_24990;32.06
gene-JG10_RS07220;algD;9.46
gene-JG10_RS07435;rhlR;174.27
gene-JG10_RS07845;AL347_25740;70.99
gene-JG10_RS07910;amrZ;2442.54
gene-JG10_RS07930;AL347_25825;2.33
gene-JG10_RS08105;flgM;873.87
gene-JG10_RS08125;hsbA;135.44
gene-JG10_RS08135;AL347_26025;42.89
gene-JG10_RS08655;AL347_00275;7.16
gene-JG10_RS08880;AL347_00500;54.36
gene-JG10_RS08945;gltR;87.74
gene-JG10_RS08990;AL347_26900;151.12
gene-JG10_RS09105;AL347_27015;583.94
gene-JG10_RS09895;lexA;132.39
gene-JG10_RS09900;psrA;151.68
gene-JG10_RS10280;AL347_28225;11.57
gene-JG10_RS10460;sbrI;58.54
gene-JG10_RS10465;sbrR;17.04
gene-JG10_RS10515;atuR;118.04
gene-JG10_RS10745;AL347_28690;27.32
gene-JG10_RS10820;ospR;63.39
gene-JG10_RS10910;AL347_28855;24.38
gene-JG10_RS11555;AL347_29525;1693.65
gene-JG10_RS12005;pfeR;262.19
gene-JG10_RS12105;mvaU;1489.50
gene-JG10_RS12115;AL347_30085;41.91
gene-JG10_RS12125;ppyR;22.03
gene-JG10_RS12160;AL347_30130;73.90
gene-JG10_RS12165;AL347_30135;43.14
gene-JG10_RS12500;vqsR;6.57
gene-JG10_RS12515;AL347_30490;16.93
gene-JG10_RS12525;AL347_30505;256.07
gene-JG10_RS14035;AL347_32045;23.81
gene-JG10_RS14095;AL347_32110;16.68
gene-JG10_RS14510;mexT;99.75
gene-JG10_RS14625;AL347_32680;801.92
gene-JG10_RS14630;foxR;138.14
gene-JG10_RS14710;AL347_32765;42.92
gene-JG10_RS14795;AL347_32855;17.89
gene-JG10_RS14830;pvdS;3405.48
gene-JG10_RS15010;fpvR;273.59
gene-JG10_RS15015;fpvI;89.62
gene-JG10_RS15030;AL347_33095;221.60
gene-JG10_RS15360;gntR;160.35
gene-JG10_RS15460;AL347_33530;16.69
gene-JG10_RS15590;soxR;55.59
gene-JG10_RS15665;ptxS;196.80
gene-JG10_RS15670;ptxR;8.86
gene-JG10_RS15705;AL347_00810;65.10
gene-JG10_RS15825;vqsM;57.82
gene-JG10_RS16125;AL347_01365;171.64
gene-JG10_RS16275;AL347_01520;23.79
gene-JG10_RS16895;kynR;46.75
gene-JG10_RS17060;AL347_02355;26.99
gene-JG10_RS17075;cmrA;45.00
gene-JG10_RS17145;AL347_02445;96.93
gene-JG10_RS17230;liuR;79.94
gene-JG10_RS17260;AL347_02560;29.51
gene-JG10_RS17320;AL347_02620;31.41
gene-JG10_RS17425;AL347_02720;14.88
gene-JG10_RS17570;AL347_02870;25.64
gene-JG10_RS17815;qscR;7.37
gene-JG10_RS18300;hupB;2231.47
gene-JG10_RS18305;lon;658.57
gene-JG10_RS18310;clpX;1713.67
gene-JG10_RS18315;clpP;507.74
gene-JG10_RS18465;sigX;512.83
gene-JG10_RS18470;AL347_03805;88.17
gene-JG10_RS18575;cysB;305.16
gene-JG10_RS18775;exsD;56.12
gene-JG10_RS18780;exsA;131.53
gene-JG10_RS18790;exsE;19.58
gene-JG10_RS18795;exsC;108.79
gene-JG10_RS19655;anr;228.29
gene-JG10_RS19780;AL347_05155;141.02
gene-JG10_RS19860;AL347_05240;62.70
gene-JG10_RS20110;fliA;230.34
gene-JG10_RS20115;fleN;295.35
gene-JG10_RS20195;AL347_05575;17.98
gene-JG10_RS20225;lasI;26.72
gene-JG10_RS20230;lasR;131.30
gene-JG10_RS20320;AL347_05705;26.56
gene-JG10_RS21355;AL347_06765;46.29
gene-JG10_RS21405;AL347_06815;15.76
gene-JG10_RS21730;ddaR;9.81
gene-JG10_RS21800;AL347_07225;21.61
gene-JG10_RS21810;phoQ;143.86
gene-JG10_RS21815;phoP;610.61
gene-JG10_RS22255;fleQ;256.10
gene-JG10_RS22280;fliC;2484.13
gene-JG10_RS22495;AL347_07935;26.62
gene-JG10_RS22750;mvfR;73.54
gene-JG10_RS23045;AL347_08505;99.39
gene-JG10_RS23120;gacS;44.90
gene-JG10_RS23450;mgtE;121.78
gene-JG10_RS23505;AL347_08970;568.61
gene-JG10_RS23565;argR;58.79
gene-JG10_RS23665;AL347_09140;20.15
gene-JG10_RS24065;AL347_09525;50.08
gene-JG10_RS24155;AL347_09615;54.75
gene-JG10_RS24160;lon;341.27
gene-JG10_RS24225;mucD;677.43
gene-JG10_RS24230;mucC;298.24
gene-JG10_RS24235;mucB;151.50
gene-JG10_RS24240;mucA;396.97
gene-JG10_RS24245;AL347_09705;534.84
gene-JG10_RS24365;AL347_09825;16.99
gene-JG10_RS24545;toxR;32.52
gene-JG10_RS24710;vreI;47.85
gene-JG10_RS24845;pprB;95.51
gene-JG10_RS24945;mvaT;812.42
gene-JG10_RS25140;pyeR;154.42
gene-JG10_RS25615;algW;71.77
gene-JG10_RS25695;AL347_11175;178.59
gene-JG10_RS25850;AL347_11330;211.04
gene-JG10_RS25855;AL347_11335;84.15
gene-JG10_RS25880;psdR;51.43
gene-JG10_RS26740;pilR;70.22
gene-JG10_RS26985;AL347_12465;614.67
gene-JG10_RS26995;AL347_12475;194.90
gene-JG10_RS27015;nfxB;268.46
gene-JG10_RS27330;AL347_12815;40.69
gene-JG10_RS27715;cbrA;39.05
gene-JG10_RS27720;cbrB;227.08
gene-JG10_RS27920;fur;644.55
gene-JG10_RS27945;AL347_13440;92.31
gene-JG10_RS27980;pmrA;439.56
gene-JG10_RS27985;pmrB;195.04
gene-JG10_RS27990;cueR;206.18
gene-JG10_RS28375;fis;560.78
gene-JG10_RS28500;brlR;39.54
gene-JG10_RS28560;desT;28.84
gene-JG10_RS28640;AL347_14140;42.26
gene-JG10_RS28690;AL347_14190;34.33
gene-JG10_RS28840;hfq;1114.68
gene-JG10_RS29550;AL347_15075;45.36
gene-JG10_RS29645;hutC;35.36
gene-JG10_RS29745;ntrC;50.80
gene-JG10_RS30030;dctD;62.35
gene-JG10_RS30205;amgR;137.79
gene-JG10_RS30490;AL347_16020;750.63
gene-JG10_RS30520;algR;335.45
gene-JG10_RS30525;algZ;293.98
gene-JG10_RS30700;AL347_16230;39.70
gene-JG10_RS30845;sphR;35.75
gene-JG10_RS30885;AL347_16415;264.16
gene-JG10_RS30945;oxyR;301.15
gene-JG10_RS31005;glcC;23.57
gene-JG10_RS31025;phoB;51.42
gene-JG10_RS31120;betI;21.01
gene-JG10_RS31150;AL347_16690;60.53
gene-JG10_RS31195;cdhR;36.65
gene-JG10_RS31405;AL347_16955;3.17
gene-JG10_RS31435;AL347_16985;15.37
gene-JG10_RS31445;hexR;105.62
gene-JG10_RS31615;AL347_17165;60.12
gene-JG10_RS31670;algB;78.15
gene-JG10_RS31750;AL347_17315;74.56
gene-JG10_RS31785;AL347_17350;14.27
gene-JG10_RS31810;AL347_17375;56.92
gene-JG10_RS32005;AL347_17570;52.68
gene-JG10_RS32260;rsaL;18.26
