sigX;0.002
vqsM;1.0
PA5438;0.0
rpoD;1.0
rpoH;0.001
rpoS;1.0
phoP;1.0
lasR;0.002
mexT;1.0
rhlR;1.0
fleQ;1.0
pchR;0.0
rsaL;0.0
soxR;1.0
sphR;0.0
anr;0.0
fliA;0.0
rpoN;0.001
aguR;0.003
gacA;0.0
mvfR;0.0
algR;1.0
PA0167;0.0
PA1520;0.0
vqsR;1.0
algU;0.0
algZ;1.0
cysB;1.0
himA;1.0
ihf;1.0
vfr;0.001
ampR;0.001
algB;0.002
algD;0.0
amrZ;0.0
psrA;0.0
phoQ;1.0
clpP;0.0
clpX;0.002
mucA;0.001
mucB;0.0
mucC;0.001
mucD;0.001
argR;1.0
np20;0.0
cdpR;0.0
lasI;1.0
ntrC;0.0
dnr;0.001
antR;1.0
cbrB;0.0
mvaT;1.0
mvaU;0.0
bexR;0.007
fur;1.0
narL;0.001
nalC;0.001
pmrA;1.0
gbdR;0.008
metR;0.0
brlR;1.0
pprB;1.0
bauR;1.0
sbrI;0.006
fecI;0.001
bfiS;0.0
cdhR;0.0
pvdS;1.0
roxR;1.0
roxS;0.0
cifR;0.0
rocA1;0.0
PA4132;0.0
czcR;1.0
dctR;1.0
PA0120;0.0
ddaR;0.0
desT;0.0
dhcR;1.0
phhR;0.0
psdR;1.0
gltR;1.0
hexR;1.0
erbR;1.0
glpR;1.0
cmpX;0.0
exsA;0.0
fliC;0.001
exsD;0.001
mgtE;1.0
exsE;0.001
exsC;0.002
hmgR;0.0
iscR;1.0
rsmA;0.0
hfq;0.002
asrA;0.005
fhpR;0.006
ppyR;0.005
finR;0.0
fleN;0.002
hsbA;1.0
flgM;1.0
foxI;1.0
foxR;1.0
fpvI;0.0
fpvR;1.0
fruR;0.0
gacS;0.0
ptxR;0.001
ptxS;0.0
gbuR;1.0
gcsR;0.002
glcC;0.0
gntR;0.0
gpuR;1.0
PA2384;0.007
qscR;0.001
lon;0.002
hutC;0.0
kynR;1.0
algQ;1.0
lexA;0.0
PA1269;1.0
liuR;1.0
PA4769;0.0
PA0547;0.0
mexR;0.0
nalD;0.001
amgR;0.002
cpxR;0.001
nfxB;0.0
cmrA;1.0
cueR;0.0
armR;0.004
mmnR;0.0
mmsR;0.0
toxR;0.002
PA4916;0.0
PA3757;0.0
PSPA7_RS29685;0.0
vreI;0.0
PA0797;1.0
pqrR;1.0
PA1050;1.0
PA3249;0.0
PA1504;1.0
PA1539;0.0
PA2299;0.0
PA0149;0.0
PA2050;0.002
phnF;0.001
tpbA;0.0
PA4659;0.0
PA5506;0.0
mifR;0.002
pfeR;1.0
pilR;1.0
pmrB;1.0
hupB;1.0
pyeR;1.0
rbsR;1.0
recA;0.008
sbrR;0.002
sdsB1;1.0
trpI;0.0
