"ID 	 gene_name/lo";cus_tag;normalization
gene-JG10_RS00215;trpI;9.77
gene-JG10_RS00645;AL347_18375;5.11
gene-JG10_RS00710;bauR;9.69
gene-JG10_RS00785;AL347_18525;11.21
gene-JG10_RS01355;AL347_19125;3.40
gene-JG10_RS01460;AL347_19230;5.69
gene-JG10_RS01485;AL347_19255;3.21
gene-JG10_RS01860;AL347_19640;14.29
gene-JG10_RS01910;rpoH;424.34
gene-JG10_RS02155;mexR;302.55
gene-JG10_RS02215;AL347_20000;60.89
gene-JG10_RS02460;AL347_20270;16.50
gene-JG10_RS02655;dnr;27.33
gene-JG10_RS02760;AL347_20580;366.53
gene-JG10_RS02950;rpoD;817.31
gene-JG10_RS03030;rsmA;144.24
gene-JG10_RS03075;AL347_20885;30.38
gene-JG10_RS03325;AL347_21140;254.57
gene-JG10_RS03435;birA;161.80
gene-JG10_RS03720;pchR;24.64
gene-JG10_RS03870;bfiS;5.01
gene-JG10_RS04025;AL347_21855;7.32
gene-JG10_RS04120;AL347_21955;31.28
gene-JG10_RS04140;AL347_21975;8.17
gene-JG10_RS04195;AL347_22035;57.34
gene-JG10_RS04310;ampR;10.79
gene-JG10_RS04355;bfmR;7.74
gene-JG10_RS04580;nrdR;70.57
gene-JG10_RS04990;ladS;24.80
gene-JG10_RS05125;AL347_22975;52.48
gene-JG10_RS05370;AL347_23230;14.92
gene-JG10_RS05375;mdrR1;17.08
gene-JG10_RS05450;tpbA;5.11
gene-JG10_RS05480;narL;19.90
gene-JG10_RS05735;AL347_23595;87.88
gene-JG10_RS05820;iscR;666.35
gene-JG10_RS06125;AL347_23985;11.58
gene-JG10_RS06310;nalC;49.13
gene-JG10_RS06320;armR;356.15
gene-JG10_RS06430;AL347_24290;33.85
gene-JG10_RS06470;AL347_24330;57.61
gene-JG10_RS06805;rpoS;327.22
gene-JG10_RS06830;recA;220.29
gene-JG10_RS06895;AL347_24760;50.68
gene-JG10_RS06980;metR;28.97
gene-JG10_RS07000;AL347_24870;32.11
gene-JG10_RS07045;nalD;69.80
gene-JG10_RS07060;mmsR;10.62
gene-JG10_RS07105;AL347_24990;18.37
gene-JG10_RS07220;algD;6.69
gene-JG10_RS07435;rhlR;113.59
gene-JG10_RS07845;AL347_25740;17.69
gene-JG10_RS07910;amrZ;694.09
gene-JG10_RS07930;AL347_25825;0.16
gene-JG10_RS08105;flgM;950.00
gene-JG10_RS08125;hsbA;75.10
gene-JG10_RS08135;AL347_26025;34.45
gene-JG10_RS08655;AL347_00275;3.78
gene-JG10_RS08880;AL347_00500;40.72
gene-JG10_RS08945;gltR;13.80
gene-JG10_RS08990;AL347_26900;42.31
gene-JG10_RS09105;AL347_27015;191.62
gene-JG10_RS09895;lexA;205.30
gene-JG10_RS09900;psrA;789.67
gene-JG10_RS10280;AL347_28225;4.12
gene-JG10_RS10460;sbrI;102.82
gene-JG10_RS10465;sbrR;26.67
gene-JG10_RS10515;atuR;17.27
gene-JG10_RS10745;AL347_28690;1099.68
gene-JG10_RS10820;ospR;129.80
gene-JG10_RS10910;AL347_28855;8.44
gene-JG10_RS11555;AL347_29525;666.16
gene-JG10_RS12005;pfeR;32.97
gene-JG10_RS12105;mvaU;278.02
gene-JG10_RS12115;AL347_30085;11.06
gene-JG10_RS12125;ppyR;1.66
gene-JG10_RS12160;AL347_30130;44.76
gene-JG10_RS12165;AL347_30135;55.44
gene-JG10_RS12500;vqsR;41.47
gene-JG10_RS12515;AL347_30490;7.56
gene-JG10_RS12525;AL347_30505;197.41
gene-JG10_RS14035;AL347_32045;25.33
gene-JG10_RS14095;AL347_32110;7.11
gene-JG10_RS14510;mexT;24.87
gene-JG10_RS14625;AL347_32680;32.74
gene-JG10_RS14630;foxR;6.46
gene-JG10_RS14710;AL347_32765;18.05
gene-JG10_RS14795;AL347_32855;7.63
gene-JG10_RS14830;pvdS;57.43
gene-JG10_RS15010;fpvR;61.90
gene-JG10_RS15015;fpvI;12.82
gene-JG10_RS15030;AL347_33095;39.83
gene-JG10_RS15360;gntR;2.94
gene-JG10_RS15460;AL347_33530;5.81
gene-JG10_RS15590;soxR;1.76
gene-JG10_RS15665;ptxS;8.83
gene-JG10_RS15670;ptxR;2.82
gene-JG10_RS15705;AL347_00810;13.52
gene-JG10_RS15825;vqsM;40.57
gene-JG10_RS16125;AL347_01365;126.12
gene-JG10_RS16275;AL347_01520;6.53
gene-JG10_RS16895;kynR;20.62
gene-JG10_RS17060;AL347_02355;1.57
gene-JG10_RS17075;cmrA;11.64
gene-JG10_RS17145;AL347_02445;9.62
gene-JG10_RS17230;liuR;90.37
gene-JG10_RS17260;AL347_02560;27.07
gene-JG10_RS17320;AL347_02620;6.34
gene-JG10_RS17425;AL347_02720;9.58
gene-JG10_RS17570;AL347_02870;17.25
gene-JG10_RS17815;qscR;16.92
gene-JG10_RS18300;hupB;658.99
gene-JG10_RS18305;lon;424.47
gene-JG10_RS18310;clpX;1257.45
gene-JG10_RS18315;clpP;594.12
gene-JG10_RS18465;sigX;1300.07
gene-JG10_RS18470;AL347_03805;259.33
gene-JG10_RS18575;cysB;165.43
gene-JG10_RS18775;exsD;8.95
gene-JG10_RS18780;exsA;25.88
gene-JG10_RS18790;exsE;2.96
gene-JG10_RS18795;exsC;28.28
gene-JG10_RS19655;anr;219.42
gene-JG10_RS19780;AL347_05155;42.09
gene-JG10_RS19860;AL347_05240;42.00
gene-JG10_RS20110;fliA;526.37
gene-JG10_RS20115;fleN;711.52
gene-JG10_RS20195;AL347_05575;4.64
gene-JG10_RS20225;lasI;370.29
gene-JG10_RS20230;lasR;158.42
gene-JG10_RS20320;AL347_05705;44.30
gene-JG10_RS21355;AL347_06765;41.02
gene-JG10_RS21405;AL347_06815;2.62
gene-JG10_RS21730;ddaR;5.16
gene-JG10_RS21800;AL347_07225;10.48
gene-JG10_RS21810;phoQ;494.96
gene-JG10_RS21815;phoP;1185.70
gene-JG10_RS22255;fleQ;92.10
gene-JG10_RS22280;fliC;2270.66
gene-JG10_RS22495;AL347_07935;10.75
gene-JG10_RS22750;mvfR;111.55
gene-JG10_RS23045;AL347_08505;37.88
gene-JG10_RS23120;gacS;38.31
gene-JG10_RS23450;mgtE;114.34
gene-JG10_RS23505;AL347_08970;498.39
gene-JG10_RS23565;argR;62.61
gene-JG10_RS23665;AL347_09140;11.92
gene-JG10_RS24065;AL347_09525;89.41
gene-JG10_RS24155;AL347_09615;29.17
gene-JG10_RS24160;lon;98.35
gene-JG10_RS24225;mucD;361.93
gene-JG10_RS24230;mucC;426.21
gene-JG10_RS24235;mucB;382.14
gene-JG10_RS24240;mucA;671.78
gene-JG10_RS24245;AL347_09705;1329.12
gene-JG10_RS24365;AL347_09825;4.89
gene-JG10_RS24545;toxR;7.47
gene-JG10_RS24710;vreI;7.85
gene-JG10_RS24845;pprB;57.76
gene-JG10_RS24945;mvaT;219.09
gene-JG10_RS25140;pyeR;41.64
gene-JG10_RS25615;algW;77.04
gene-JG10_RS25695;AL347_11175;166.88
gene-JG10_RS25850;AL347_11330;179.97
gene-JG10_RS25855;AL347_11335;219.14
gene-JG10_RS25880;psdR;90.20
gene-JG10_RS26740;pilR;27.93
gene-JG10_RS26985;AL347_12465;111.91
gene-JG10_RS26995;AL347_12475;12.06
gene-JG10_RS27015;nfxB;24.01
gene-JG10_RS27330;AL347_12815;14.58
gene-JG10_RS27715;cbrA;23.09
gene-JG10_RS27720;cbrB;58.45
gene-JG10_RS27920;fur;365.74
gene-JG10_RS27945;AL347_13440;59.33
gene-JG10_RS27980;pmrA;170.48
gene-JG10_RS27985;pmrB;57.49
gene-JG10_RS27990;cueR;46.21
gene-JG10_RS28375;fis;1477.56
gene-JG10_RS28500;brlR;20.74
gene-JG10_RS28560;desT;6.43
gene-JG10_RS28640;AL347_14140;12.46
gene-JG10_RS28690;AL347_14190;8.12
gene-JG10_RS28840;hfq;972.46
gene-JG10_RS29550;AL347_15075;18.89
gene-JG10_RS29645;hutC;16.76
gene-JG10_RS29745;ntrC;18.95
gene-JG10_RS30030;dctD;17.95
gene-JG10_RS30205;amgR;97.03
gene-JG10_RS30490;AL347_16020;60.57
gene-JG10_RS30520;algR;151.25
gene-JG10_RS30525;algZ;91.32
gene-JG10_RS30700;AL347_16230;17.49
gene-JG10_RS30845;sphR;28.69
gene-JG10_RS30885;AL347_16415;152.07
gene-JG10_RS30945;oxyR;156.42
gene-JG10_RS31005;glcC;7.01
gene-JG10_RS31025;phoB;33.77
gene-JG10_RS31120;betI;12.86
gene-JG10_RS31150;AL347_16690;7.94
gene-JG10_RS31195;cdhR;3.00
gene-JG10_RS31405;AL347_16955;1.16
gene-JG10_RS31435;AL347_16985;72.94
gene-JG10_RS31445;hexR;90.92
gene-JG10_RS31615;AL347_17165;25.42
gene-JG10_RS31670;algB;31.62
gene-JG10_RS31750;AL347_17315;23.66
gene-JG10_RS31785;AL347_17350;11.37
gene-JG10_RS31810;AL347_17375;16.95
gene-JG10_RS32005;AL347_17570;232.49
gene-JG10_RS32260;rsaL;64.95
