"ID 	 gene_name/lo";cus_tag;normalization
gene-JG10_RS00215;trpI;12.13
gene-JG10_RS00645;AL347_18375;23.51
gene-JG10_RS00710;bauR;23.97
gene-JG10_RS00785;AL347_18525;4.05
gene-JG10_RS01355;AL347_19125;7.33
gene-JG10_RS01460;AL347_19230;19.78
gene-JG10_RS01485;AL347_19255;15.78
gene-JG10_RS01860;AL347_19640;49.18
gene-JG10_RS01910;rpoH;550.80
gene-JG10_RS02155;mexR;162.27
gene-JG10_RS02215;AL347_20000;86.04
gene-JG10_RS02460;AL347_20270;41.56
gene-JG10_RS02655;dnr;115.62
gene-JG10_RS02760;AL347_20580;67.94
gene-JG10_RS02950;rpoD;738.28
gene-JG10_RS03030;rsmA;59.69
gene-JG10_RS03075;AL347_20885;44.30
gene-JG10_RS03325;AL347_21140;208.04
gene-JG10_RS03435;birA;108.56
gene-JG10_RS03720;pchR;5.37
gene-JG10_RS03870;bfiS;10.76
gene-JG10_RS04025;AL347_21855;5.28
gene-JG10_RS04120;AL347_21955;10.97
gene-JG10_RS04140;AL347_21975;3.90
gene-JG10_RS04195;AL347_22035;15.45
gene-JG10_RS04310;ampR;21.50
gene-JG10_RS04355;bfmR;22.22
gene-JG10_RS04580;nrdR;112.31
gene-JG10_RS04990;ladS;24.34
gene-JG10_RS05125;AL347_22975;103.05
gene-JG10_RS05370;AL347_23230;5.59
gene-JG10_RS05375;mdrR1;15.10
gene-JG10_RS05450;tpbA;3.00
gene-JG10_RS05480;narL;113.98
gene-JG10_RS05735;AL347_23595;191.21
gene-JG10_RS05820;iscR;180.06
gene-JG10_RS06125;AL347_23985;11.38
gene-JG10_RS06310;nalC;60.81
gene-JG10_RS06320;armR;408.76
gene-JG10_RS06430;AL347_24290;63.89
gene-JG10_RS06470;AL347_24330;41.42
gene-JG10_RS06805;rpoS;443.00
gene-JG10_RS06830;recA;219.38
gene-JG10_RS06895;AL347_24760;81.73
gene-JG10_RS06980;metR;31.23
gene-JG10_RS07000;AL347_24870;47.03
gene-JG10_RS07045;nalD;67.89
gene-JG10_RS07060;mmsR;11.25
gene-JG10_RS07105;AL347_24990;34.97
gene-JG10_RS07220;algD;6.51
gene-JG10_RS07435;rhlR;68.04
gene-JG10_RS07845;AL347_25740;31.70
gene-JG10_RS07910;amrZ;853.29
gene-JG10_RS07930;AL347_25825;0.66
gene-JG10_RS08105;flgM;744.85
gene-JG10_RS08125;hsbA;105.61
gene-JG10_RS08135;AL347_26025;33.36
gene-JG10_RS08655;AL347_00275;3.06
gene-JG10_RS08880;AL347_00500;46.46
gene-JG10_RS08945;gltR;48.30
gene-JG10_RS08990;AL347_26900;62.19
gene-JG10_RS09105;AL347_27015;280.95
gene-JG10_RS09895;lexA;146.88
gene-JG10_RS09900;psrA;272.38
gene-JG10_RS10280;AL347_28225;22.93
gene-JG10_RS10460;sbrI;54.29
gene-JG10_RS10465;sbrR;20.16
gene-JG10_RS10515;atuR;72.02
gene-JG10_RS10745;AL347_28690;38.85
gene-JG10_RS10820;ospR;52.27
gene-JG10_RS10910;AL347_28855;11.32
gene-JG10_RS11555;AL347_29525;1304.67
gene-JG10_RS12005;pfeR;11.55
gene-JG10_RS12105;mvaU;597.42
gene-JG10_RS12115;AL347_30085;34.10
gene-JG10_RS12125;ppyR;14.36
gene-JG10_RS12160;AL347_30130;36.02
gene-JG10_RS12165;AL347_30135;29.33
gene-JG10_RS12500;vqsR;5.82
gene-JG10_RS12515;AL347_30490;8.27
gene-JG10_RS12525;AL347_30505;168.45
gene-JG10_RS14035;AL347_32045;11.77
gene-JG10_RS14095;AL347_32110;9.59
gene-JG10_RS14510;mexT;59.42
gene-JG10_RS14625;AL347_32680;17.50
gene-JG10_RS14630;foxR;3.71
gene-JG10_RS14710;AL347_32765;27.58
gene-JG10_RS14795;AL347_32855;9.98
gene-JG10_RS14830;pvdS;5.21
gene-JG10_RS15010;fpvR;94.92
gene-JG10_RS15015;fpvI;18.63
gene-JG10_RS15030;AL347_33095;1.57
gene-JG10_RS15360;gntR;20.51
gene-JG10_RS15460;AL347_33530;13.44
gene-JG10_RS15590;soxR;19.27
gene-JG10_RS15665;ptxS;29.12
gene-JG10_RS15670;ptxR;3.82
gene-JG10_RS15705;AL347_00810;25.36
gene-JG10_RS15825;vqsM;47.85
gene-JG10_RS16125;AL347_01365;82.92
gene-JG10_RS16275;AL347_01520;11.37
gene-JG10_RS16895;kynR;38.23
gene-JG10_RS17060;AL347_02355;2.03
gene-JG10_RS17075;cmrA;12.95
gene-JG10_RS17145;AL347_02445;35.38
gene-JG10_RS17230;liuR;297.29
gene-JG10_RS17260;AL347_02560;39.64
gene-JG10_RS17320;AL347_02620;15.41
gene-JG10_RS17425;AL347_02720;15.53
gene-JG10_RS17570;AL347_02870;39.39
gene-JG10_RS17815;qscR;6.34
gene-JG10_RS18300;hupB;1598.25
gene-JG10_RS18305;lon;508.77
gene-JG10_RS18310;clpX;1306.95
gene-JG10_RS18315;clpP;411.72
gene-JG10_RS18465;sigX;521.87
gene-JG10_RS18470;AL347_03805;104.01
gene-JG10_RS18575;cysB;205.38
gene-JG10_RS18775;exsD;29.68
gene-JG10_RS18780;exsA;45.11
gene-JG10_RS18790;exsE;15.55
gene-JG10_RS18795;exsC;82.58
gene-JG10_RS19655;anr;367.50
gene-JG10_RS19780;AL347_05155;123.56
gene-JG10_RS19860;AL347_05240;38.08
gene-JG10_RS20110;fliA;189.70
gene-JG10_RS20115;fleN;212.59
gene-JG10_RS20195;AL347_05575;12.13
gene-JG10_RS20225;lasI;77.15
gene-JG10_RS20230;lasR;171.05
gene-JG10_RS20320;AL347_05705;20.88
gene-JG10_RS21355;AL347_06765;31.29
gene-JG10_RS21405;AL347_06815;5.88
gene-JG10_RS21730;ddaR;35.20
gene-JG10_RS21800;AL347_07225;16.20
gene-JG10_RS21810;phoQ;122.02
gene-JG10_RS21815;phoP;469.02
gene-JG10_RS22255;fleQ;160.38
gene-JG10_RS22280;fliC;2044.31
gene-JG10_RS22495;AL347_07935;21.93
gene-JG10_RS22750;mvfR;54.75
gene-JG10_RS23045;AL347_08505;64.59
gene-JG10_RS23120;gacS;40.14
gene-JG10_RS23450;mgtE;77.47
gene-JG10_RS23505;AL347_08970;358.36
gene-JG10_RS23565;argR;36.88
gene-JG10_RS23665;AL347_09140;23.16
gene-JG10_RS24065;AL347_09525;56.15
gene-JG10_RS24155;AL347_09615;21.26
gene-JG10_RS24160;lon;497.58
gene-JG10_RS24225;mucD;418.94
gene-JG10_RS24230;mucC;221.34
gene-JG10_RS24235;mucB;184.46
gene-JG10_RS24240;mucA;345.89
gene-JG10_RS24245;AL347_09705;535.01
gene-JG10_RS24365;AL347_09825;5.63
gene-JG10_RS24545;toxR;4.58
gene-JG10_RS24710;vreI;2.89
gene-JG10_RS24845;pprB;71.41
gene-JG10_RS24945;mvaT;801.90
gene-JG10_RS25140;pyeR;25.30
gene-JG10_RS25615;algW;46.21
gene-JG10_RS25695;AL347_11175;180.54
gene-JG10_RS25850;AL347_11330;201.49
gene-JG10_RS25855;AL347_11335;121.04
gene-JG10_RS25880;psdR;63.44
gene-JG10_RS26740;pilR;49.34
gene-JG10_RS26985;AL347_12465;361.47
gene-JG10_RS26995;AL347_12475;122.11
gene-JG10_RS27015;nfxB;120.75
gene-JG10_RS27330;AL347_12815;15.06
gene-JG10_RS27715;cbrA;32.94
gene-JG10_RS27720;cbrB;178.90
gene-JG10_RS27920;fur;227.96
gene-JG10_RS27945;AL347_13440;61.59
gene-JG10_RS27980;pmrA;14.60
gene-JG10_RS27985;pmrB;8.76
gene-JG10_RS27990;cueR;46.53
gene-JG10_RS28375;fis;523.65
gene-JG10_RS28500;brlR;19.93
gene-JG10_RS28560;desT;10.55
gene-JG10_RS28640;AL347_14140;21.66
gene-JG10_RS28690;AL347_14190;21.77
gene-JG10_RS28840;hfq;918.04
gene-JG10_RS29550;AL347_15075;37.18
gene-JG10_RS29645;hutC;78.59
gene-JG10_RS29745;ntrC;22.95
gene-JG10_RS30030;dctD;44.24
gene-JG10_RS30205;amgR;120.01
gene-JG10_RS30490;AL347_16020;267.32
gene-JG10_RS30520;algR;165.43
gene-JG10_RS30525;algZ;95.35
gene-JG10_RS30700;AL347_16230;30.98
gene-JG10_RS30845;sphR;26.67
gene-JG10_RS30885;AL347_16415;237.50
gene-JG10_RS30945;oxyR;145.53
gene-JG10_RS31005;glcC;11.47
gene-JG10_RS31025;phoB;54.16
gene-JG10_RS31120;betI;43.08
gene-JG10_RS31150;AL347_16690;34.97
gene-JG10_RS31195;cdhR;16.00
gene-JG10_RS31405;AL347_16955;3.37
gene-JG10_RS31435;AL347_16985;15.64
gene-JG10_RS31445;hexR;123.84
gene-JG10_RS31615;AL347_17165;32.47
gene-JG10_RS31670;algB;58.85
gene-JG10_RS31750;AL347_17315;92.18
gene-JG10_RS31785;AL347_17350;25.11
gene-JG10_RS31810;AL347_17375;35.76
gene-JG10_RS32005;AL347_17570;28.51
gene-JG10_RS32260;rsaL;39.88
