"ID 	 gene_name/lo";cus_tag;normalization
gene-JG10_RS00215;trpI;28.62
gene-JG10_RS00645;AL347_18375;34.78
gene-JG10_RS00710;bauR;45.50
gene-JG10_RS00785;AL347_18525;41.86
gene-JG10_RS01355;AL347_19125;15.64
gene-JG10_RS01460;AL347_19230;35.65
gene-JG10_RS01485;AL347_19255;27.53
gene-JG10_RS01860;AL347_19640;68.28
gene-JG10_RS01910;rpoH;739.27
gene-JG10_RS02155;mexR;242.49
gene-JG10_RS02215;AL347_20000;93.93
gene-JG10_RS02460;AL347_20270;43.52
gene-JG10_RS02655;dnr;138.02
gene-JG10_RS02760;AL347_20580;184.72
gene-JG10_RS02950;rpoD;952.07
gene-JG10_RS03030;rsmA;51.87
gene-JG10_RS03075;AL347_20885;73.68
gene-JG10_RS03325;AL347_21140;223.39
gene-JG10_RS03435;birA;66.76
gene-JG10_RS03720;pchR;287.91
gene-JG10_RS03870;bfiS;9.79
gene-JG10_RS04025;AL347_21855;14.55
gene-JG10_RS04120;AL347_21955;17.07
gene-JG10_RS04140;AL347_21975;5.66
gene-JG10_RS04195;AL347_22035;20.28
gene-JG10_RS04310;ampR;39.36
gene-JG10_RS04355;bfmR;32.18
gene-JG10_RS04580;nrdR;114.10
gene-JG10_RS04990;ladS;26.93
gene-JG10_RS05125;AL347_22975;86.26
gene-JG10_RS05370;AL347_23230;116.06
gene-JG10_RS05375;mdrR1;28.83
gene-JG10_RS05450;tpbA;2.52
gene-JG10_RS05480;narL;126.33
gene-JG10_RS05735;AL347_23595;283.58
gene-JG10_RS05820;iscR;125.39
gene-JG10_RS06125;AL347_23985;23.14
gene-JG10_RS06310;nalC;50.88
gene-JG10_RS06320;armR;537.63
gene-JG10_RS06430;AL347_24290;69.40
gene-JG10_RS06470;AL347_24330;84.77
gene-JG10_RS06805;rpoS;1142.37
gene-JG10_RS06830;recA;278.60
gene-JG10_RS06895;AL347_24760;96.36
gene-JG10_RS06980;metR;67.95
gene-JG10_RS07000;AL347_24870;41.39
gene-JG10_RS07045;nalD;77.23
gene-JG10_RS07060;mmsR;20.01
gene-JG10_RS07105;AL347_24990;40.53
gene-JG10_RS07220;algD;11.03
gene-JG10_RS07435;rhlR;79.45
gene-JG10_RS07845;AL347_25740;67.58
gene-JG10_RS07910;amrZ;780.73
gene-JG10_RS07930;AL347_25825;1.76
gene-JG10_RS08105;flgM;767.21
gene-JG10_RS08125;hsbA;89.35
gene-JG10_RS08135;AL347_26025;23.39
gene-JG10_RS08655;AL347_00275;5.61
gene-JG10_RS08880;AL347_00500;46.30
gene-JG10_RS08945;gltR;37.59
gene-JG10_RS08990;AL347_26900;65.29
gene-JG10_RS09105;AL347_27015;379.12
gene-JG10_RS09895;lexA;258.94
gene-JG10_RS09900;psrA;165.39
gene-JG10_RS10280;AL347_28225;22.33
gene-JG10_RS10460;sbrI;64.93
gene-JG10_RS10465;sbrR;18.81
gene-JG10_RS10515;atuR;135.48
gene-JG10_RS10745;AL347_28690;19.38
gene-JG10_RS10820;ospR;68.43
gene-JG10_RS10910;AL347_28855;22.38
gene-JG10_RS11555;AL347_29525;1661.34
gene-JG10_RS12005;pfeR;130.98
gene-JG10_RS12105;mvaU;1225.13
gene-JG10_RS12115;AL347_30085;61.38
gene-JG10_RS12125;ppyR;12.97
gene-JG10_RS12160;AL347_30130;61.38
gene-JG10_RS12165;AL347_30135;33.54
gene-JG10_RS12500;vqsR;4.68
gene-JG10_RS12515;AL347_30490;8.97
gene-JG10_RS12525;AL347_30505;118.33
gene-JG10_RS14035;AL347_32045;20.57
gene-JG10_RS14095;AL347_32110;10.19
gene-JG10_RS14510;mexT;66.95
gene-JG10_RS14625;AL347_32680;300.30
gene-JG10_RS14630;foxR;56.66
gene-JG10_RS14710;AL347_32765;21.65
gene-JG10_RS14795;AL347_32855;9.50
gene-JG10_RS14830;pvdS;822.21
gene-JG10_RS15010;fpvR;170.85
gene-JG10_RS15015;fpvI;30.66
gene-JG10_RS15030;AL347_33095;30.12
gene-JG10_RS15360;gntR;37.16
gene-JG10_RS15460;AL347_33530;30.25
gene-JG10_RS15590;soxR;38.72
gene-JG10_RS15665;ptxS;48.12
gene-JG10_RS15670;ptxR;5.24
gene-JG10_RS15705;AL347_00810;46.05
gene-JG10_RS15825;vqsM;53.02
gene-JG10_RS16125;AL347_01365;80.56
gene-JG10_RS16275;AL347_01520;15.22
gene-JG10_RS16895;kynR;44.83
gene-JG10_RS17060;AL347_02355;9.23
gene-JG10_RS17075;cmrA;23.12
gene-JG10_RS17145;AL347_02445;57.00
gene-JG10_RS17230;liuR;109.05
gene-JG10_RS17260;AL347_02560;28.97
gene-JG10_RS17320;AL347_02620;26.88
gene-JG10_RS17425;AL347_02720;10.23
gene-JG10_RS17570;AL347_02870;34.18
gene-JG10_RS17815;qscR;4.14
gene-JG10_RS18300;hupB;2221.74
gene-JG10_RS18305;lon;801.47
gene-JG10_RS18310;clpX;1662.49
gene-JG10_RS18315;clpP;363.18
gene-JG10_RS18465;sigX;489.38
gene-JG10_RS18470;AL347_03805;82.09
gene-JG10_RS18575;cysB;312.32
gene-JG10_RS18775;exsD;29.87
gene-JG10_RS18780;exsA;36.84
gene-JG10_RS18790;exsE;5.46
gene-JG10_RS18795;exsC;36.09
gene-JG10_RS19655;anr;295.99
gene-JG10_RS19780;AL347_05155;108.02
gene-JG10_RS19860;AL347_05240;37.36
gene-JG10_RS20110;fliA;230.85
gene-JG10_RS20115;fleN;260.72
gene-JG10_RS20195;AL347_05575;13.49
gene-JG10_RS20225;lasI;9.21
gene-JG10_RS20230;lasR;97.96
gene-JG10_RS20320;AL347_05705;26.04
gene-JG10_RS21355;AL347_06765;30.04
gene-JG10_RS21405;AL347_06815;10.12
gene-JG10_RS21730;ddaR;88.19
gene-JG10_RS21800;AL347_07225;22.32
gene-JG10_RS21810;phoQ;36.75
gene-JG10_RS21815;phoP;187.17
gene-JG10_RS22255;fleQ;222.35
gene-JG10_RS22280;fliC;2947.05
gene-JG10_RS22495;AL347_07935;24.69
gene-JG10_RS22750;mvfR;27.24
gene-JG10_RS23045;AL347_08505;68.05
gene-JG10_RS23120;gacS;24.36
gene-JG10_RS23450;mgtE;81.68
gene-JG10_RS23505;AL347_08970;690.91
gene-JG10_RS23565;argR;50.38
gene-JG10_RS23665;AL347_09140;23.60
gene-JG10_RS24065;AL347_09525;27.24
gene-JG10_RS24155;AL347_09615;29.50
gene-JG10_RS24160;lon;1043.42
gene-JG10_RS24225;mucD;654.94
gene-JG10_RS24230;mucC;219.81
gene-JG10_RS24235;mucB;171.19
gene-JG10_RS24240;mucA;469.79
gene-JG10_RS24245;AL347_09705;476.56
gene-JG10_RS24365;AL347_09825;13.74
gene-JG10_RS24545;toxR;12.37
gene-JG10_RS24710;vreI;29.76
gene-JG10_RS24845;pprB;64.79
gene-JG10_RS24945;mvaT;750.91
gene-JG10_RS25140;pyeR;32.63
gene-JG10_RS25615;algW;38.86
gene-JG10_RS25695;AL347_11175;241.07
gene-JG10_RS25850;AL347_11330;225.09
gene-JG10_RS25855;AL347_11335;95.16
gene-JG10_RS25880;psdR;61.84
gene-JG10_RS26740;pilR;57.02
gene-JG10_RS26985;AL347_12465;692.28
gene-JG10_RS26995;AL347_12475;227.22
gene-JG10_RS27015;nfxB;175.19
gene-JG10_RS27330;AL347_12815;33.67
gene-JG10_RS27715;cbrA;35.82
gene-JG10_RS27720;cbrB;234.42
gene-JG10_RS27920;fur;213.68
gene-JG10_RS27945;AL347_13440;76.28
gene-JG10_RS27980;pmrA;48.12
gene-JG10_RS27985;pmrB;14.55
gene-JG10_RS27990;cueR;66.26
gene-JG10_RS28375;fis;453.79
gene-JG10_RS28500;brlR;26.16
gene-JG10_RS28560;desT;29.40
gene-JG10_RS28640;AL347_14140;27.78
gene-JG10_RS28690;AL347_14190;32.61
gene-JG10_RS28840;hfq;1633.95
gene-JG10_RS29550;AL347_15075;40.75
gene-JG10_RS29645;hutC;43.69
gene-JG10_RS29745;ntrC;53.54
gene-JG10_RS30030;dctD;65.94
gene-JG10_RS30205;amgR;161.71
gene-JG10_RS30490;AL347_16020;405.37
gene-JG10_RS30520;algR;354.65
gene-JG10_RS30525;algZ;195.68
gene-JG10_RS30700;AL347_16230;46.72
gene-JG10_RS30845;sphR;32.31
gene-JG10_RS30885;AL347_16415;159.04
gene-JG10_RS30945;oxyR;264.59
gene-JG10_RS31005;glcC;25.89
gene-JG10_RS31025;phoB;56.62
gene-JG10_RS31120;betI;26.41
gene-JG10_RS31150;AL347_16690;50.44
gene-JG10_RS31195;cdhR;40.32
gene-JG10_RS31405;AL347_16955;2.14
gene-JG10_RS31435;AL347_16985;22.81
gene-JG10_RS31445;hexR;131.80
gene-JG10_RS31615;AL347_17165;61.76
gene-JG10_RS31670;algB;101.74
gene-JG10_RS31750;AL347_17315;100.55
gene-JG10_RS31785;AL347_17350;18.29
gene-JG10_RS31810;AL347_17375;49.58
gene-JG10_RS32005;AL347_17570;31.41
gene-JG10_RS32260;rsaL;13.84
