"ID 	 gene_name/lo";cus_tag;normalization
gene-JG10_RS00215;trpI;17.55
gene-JG10_RS00645;AL347_18375;29.65
gene-JG10_RS00710;bauR;34.73
gene-JG10_RS00785;AL347_18525;218.75
gene-JG10_RS01355;AL347_19125;10.89
gene-JG10_RS01460;AL347_19230;30.13
gene-JG10_RS01485;AL347_19255;21.80
gene-JG10_RS01860;AL347_19640;82.75
gene-JG10_RS01910;rpoH;759.82
gene-JG10_RS02155;mexR;373.04
gene-JG10_RS02215;AL347_20000;110.75
gene-JG10_RS02460;AL347_20270;55.84
gene-JG10_RS02655;dnr;95.42
gene-JG10_RS02760;AL347_20580;479.23
gene-JG10_RS02950;rpoD;649.23
gene-JG10_RS03030;rsmA;85.90
gene-JG10_RS03075;AL347_20885;90.32
gene-JG10_RS03325;AL347_21140;209.80
gene-JG10_RS03435;birA;92.19
gene-JG10_RS03720;pchR;446.69
gene-JG10_RS03870;bfiS;10.79
gene-JG10_RS04025;AL347_21855;10.02
gene-JG10_RS04120;AL347_21955;23.52
gene-JG10_RS04140;AL347_21975;5.95
gene-JG10_RS04195;AL347_22035;20.08
gene-JG10_RS04310;ampR;27.56
gene-JG10_RS04355;bfmR;24.27
gene-JG10_RS04580;nrdR;137.60
gene-JG10_RS04990;ladS;39.97
gene-JG10_RS05125;AL347_22975;109.12
gene-JG10_RS05370;AL347_23230;269.91
gene-JG10_RS05375;mdrR1;53.40
gene-JG10_RS05450;tpbA;3.45
gene-JG10_RS05480;narL;59.46
gene-JG10_RS05735;AL347_23595;310.06
gene-JG10_RS05820;iscR;382.73
gene-JG10_RS06125;AL347_23985;8.95
gene-JG10_RS06310;nalC;73.66
gene-JG10_RS06320;armR;1281.01
gene-JG10_RS06430;AL347_24290;83.78
gene-JG10_RS06470;AL347_24330;84.16
gene-JG10_RS06805;rpoS;1205.72
gene-JG10_RS06830;recA;208.59
gene-JG10_RS06895;AL347_24760;69.69
gene-JG10_RS06980;metR;34.88
gene-JG10_RS07000;AL347_24870;169.44
gene-JG10_RS07045;nalD;86.62
gene-JG10_RS07060;mmsR;21.84
gene-JG10_RS07105;AL347_24990;64.26
gene-JG10_RS07220;algD;16.94
gene-JG10_RS07435;rhlR;131.47
gene-JG10_RS07845;AL347_25740;66.18
gene-JG10_RS07910;amrZ;1680.97
gene-JG10_RS07930;AL347_25825;3.11
gene-JG10_RS08105;flgM;766.88
gene-JG10_RS08125;hsbA;147.53
gene-JG10_RS08135;AL347_26025;48.42
gene-JG10_RS08655;AL347_00275;7.67
gene-JG10_RS08880;AL347_00500;110.28
gene-JG10_RS08945;gltR;161.48
gene-JG10_RS08990;AL347_26900;153.54
gene-JG10_RS09105;AL347_27015;360.31
gene-JG10_RS09895;lexA;140.50
gene-JG10_RS09900;psrA;99.83
gene-JG10_RS10280;AL347_28225;25.56
gene-JG10_RS10460;sbrI;136.70
gene-JG10_RS10465;sbrR;29.98
gene-JG10_RS10515;atuR;105.16
gene-JG10_RS10745;AL347_28690;42.96
gene-JG10_RS10820;ospR;64.64
gene-JG10_RS10910;AL347_28855;24.24
gene-JG10_RS11555;AL347_29525;1286.79
gene-JG10_RS12005;pfeR;326.60
gene-JG10_RS12105;mvaU;976.77
gene-JG10_RS12115;AL347_30085;25.54
gene-JG10_RS12125;ppyR;15.31
gene-JG10_RS12160;AL347_30130;74.72
gene-JG10_RS12165;AL347_30135;59.73
gene-JG10_RS12500;vqsR;13.57
gene-JG10_RS12515;AL347_30490;19.95
gene-JG10_RS12525;AL347_30505;242.72
gene-JG10_RS14035;AL347_32045;25.00
gene-JG10_RS14095;AL347_32110;22.04
gene-JG10_RS14510;mexT;108.40
gene-JG10_RS14625;AL347_32680;759.32
gene-JG10_RS14630;foxR;139.92
gene-JG10_RS14710;AL347_32765;36.20
gene-JG10_RS14795;AL347_32855;12.31
gene-JG10_RS14830;pvdS;1675.80
gene-JG10_RS15010;fpvR;269.49
gene-JG10_RS15015;fpvI;99.52
gene-JG10_RS15030;AL347_33095;40.03
gene-JG10_RS15360;gntR;47.23
gene-JG10_RS15460;AL347_33530;23.74
gene-JG10_RS15590;soxR;42.64
gene-JG10_RS15665;ptxS;39.81
gene-JG10_RS15670;ptxR;5.99
gene-JG10_RS15705;AL347_00810;41.16
gene-JG10_RS15825;vqsM;109.48
gene-JG10_RS16125;AL347_01365;114.39
gene-JG10_RS16275;AL347_01520;21.31
gene-JG10_RS16895;kynR;36.38
gene-JG10_RS17060;AL347_02355;20.20
gene-JG10_RS17075;cmrA;51.83
gene-JG10_RS17145;AL347_02445;77.21
gene-JG10_RS17230;liuR;82.23
gene-JG10_RS17260;AL347_02560;14.06
gene-JG10_RS17320;AL347_02620;44.66
gene-JG10_RS17425;AL347_02720;34.34
gene-JG10_RS17570;AL347_02870;40.57
gene-JG10_RS17815;qscR;9.48
gene-JG10_RS18300;hupB;1482.69
gene-JG10_RS18305;lon;383.96
gene-JG10_RS18310;clpX;1520.44
gene-JG10_RS18315;clpP;618.30
gene-JG10_RS18465;sigX;1390.03
gene-JG10_RS18470;AL347_03805;190.17
gene-JG10_RS18575;cysB;336.53
gene-JG10_RS18775;exsD;29.54
gene-JG10_RS18780;exsA;34.42
gene-JG10_RS18790;exsE;14.38
gene-JG10_RS18795;exsC;79.65
gene-JG10_RS19655;anr;367.47
gene-JG10_RS19780;AL347_05155;115.82
gene-JG10_RS19860;AL347_05240;58.20
gene-JG10_RS20110;fliA;291.36
gene-JG10_RS20115;fleN;367.29
gene-JG10_RS20195;AL347_05575;17.08
gene-JG10_RS20225;lasI;58.57
gene-JG10_RS20230;lasR;312.13
gene-JG10_RS20320;AL347_05705;21.46
gene-JG10_RS21355;AL347_06765;58.54
gene-JG10_RS21405;AL347_06815;11.96
gene-JG10_RS21730;ddaR;17.98
gene-JG10_RS21800;AL347_07225;26.79
gene-JG10_RS21810;phoQ;50.44
gene-JG10_RS21815;phoP;166.81
gene-JG10_RS22255;fleQ;268.02
gene-JG10_RS22280;fliC;2069.29
gene-JG10_RS22495;AL347_07935;22.23
gene-JG10_RS22750;mvfR;82.73
gene-JG10_RS23045;AL347_08505;63.38
gene-JG10_RS23120;gacS;42.44
gene-JG10_RS23450;mgtE;116.81
gene-JG10_RS23505;AL347_08970;378.42
gene-JG10_RS23565;argR;74.77
gene-JG10_RS23665;AL347_09140;16.28
gene-JG10_RS24065;AL347_09525;38.99
gene-JG10_RS24155;AL347_09615;37.54
gene-JG10_RS24160;lon;47.64
gene-JG10_RS24225;mucD;919.18
gene-JG10_RS24230;mucC;402.47
gene-JG10_RS24235;mucB;263.58
gene-JG10_RS24240;mucA;686.43
gene-JG10_RS24245;AL347_09705;679.35
gene-JG10_RS24365;AL347_09825;10.59
gene-JG10_RS24545;toxR;18.32
gene-JG10_RS24710;vreI;64.47
gene-JG10_RS24845;pprB;117.62
gene-JG10_RS24945;mvaT;558.58
gene-JG10_RS25140;pyeR;21.21
gene-JG10_RS25615;algW;67.77
gene-JG10_RS25695;AL347_11175;208.16
gene-JG10_RS25850;AL347_11330;245.64
gene-JG10_RS25855;AL347_11335;138.60
gene-JG10_RS25880;psdR;54.79
gene-JG10_RS26740;pilR;78.43
gene-JG10_RS26985;AL347_12465;424.63
gene-JG10_RS26995;AL347_12475;145.92
gene-JG10_RS27015;nfxB;97.94
gene-JG10_RS27330;AL347_12815;91.54
gene-JG10_RS27715;cbrA;37.47
gene-JG10_RS27720;cbrB;284.83
gene-JG10_RS27920;fur;495.40
gene-JG10_RS27945;AL347_13440;99.37
gene-JG10_RS27980;pmrA;34.72
gene-JG10_RS27985;pmrB;17.62
gene-JG10_RS27990;cueR;64.08
gene-JG10_RS28375;fis;561.63
gene-JG10_RS28500;brlR;38.92
gene-JG10_RS28560;desT;41.28
gene-JG10_RS28640;AL347_14140;47.95
gene-JG10_RS28690;AL347_14190;96.82
gene-JG10_RS28840;hfq;774.96
gene-JG10_RS29550;AL347_15075;46.42
gene-JG10_RS29645;hutC;51.58
gene-JG10_RS29745;ntrC;62.95
gene-JG10_RS30030;dctD;71.03
gene-JG10_RS30205;amgR;139.79
gene-JG10_RS30490;AL347_16020;741.53
gene-JG10_RS30520;algR;509.39
gene-JG10_RS30525;algZ;389.99
gene-JG10_RS30700;AL347_16230;46.18
gene-JG10_RS30845;sphR;51.44
gene-JG10_RS30885;AL347_16415;289.60
gene-JG10_RS30945;oxyR;325.07
gene-JG10_RS31005;glcC;42.76
gene-JG10_RS31025;phoB;45.37
gene-JG10_RS31120;betI;27.56
gene-JG10_RS31150;AL347_16690;79.85
gene-JG10_RS31195;cdhR;22.48
gene-JG10_RS31405;AL347_16955;10.38
gene-JG10_RS31435;AL347_16985;33.84
gene-JG10_RS31445;hexR;153.96
gene-JG10_RS31615;AL347_17165;77.28
gene-JG10_RS31670;algB;73.49
gene-JG10_RS31750;AL347_17315;63.34
gene-JG10_RS31785;AL347_17350;8.18
gene-JG10_RS31810;AL347_17375;63.05
gene-JG10_RS32005;AL347_17570;45.10
gene-JG10_RS32260;rsaL;63.59
