sigX;0.002
vqsM;1.0
PA5438;0.0
rpoD;1.0
rpoH;1.0
rpoS;1.0
phoP;1.0
lasR;0.003
mexT;1.0
rhlR;0.0
fleQ;1.0
pchR;0.001
rsaL;0.005
soxR;1.0
sphR;0.0
anr;0.0
fliA;0.002
rpoN;0.004
aguR;0.0
gacA;0.001
mvfR;0.0
algR;1.0
PA0167;0.0
PA1520;0.0
vqsR;1.0
algU;1.0
algZ;0.0
cysB;1.0
himA;1.0
ihf;1.0
vfr;0.004
ampR;0.001
algB;0.009
algD;0.006
amrZ;0.0
psrA;0.002
phoQ;1.0
clpP;0.004
clpX;1.0
mucA;1.0
mucB;0.003
mucC;1.0
mucD;1.0
argR;1.0
np20;0.0
cdpR;0.0
lasI;0.003
ntrC;0.005
dnr;0.002
antR;1.0
cbrB;0.001
mvaT;1.0
mvaU;0.001
bexR;0.002
fur;1.0
narL;0.0
nalC;0.007
pmrA;1.0
gbdR;0.018
metR;0.0
brlR;1.0
pprB;1.0
bauR;1.0
sbrI;0.0
fecI;0.0
bfiS;0.001
cdhR;0.0
pvdS;0.001
roxR;1.0
roxS;0.006
cifR;0.0
rocA1;0.003
PA4132;0.0
czcR;0.003
dctR;1.0
PA0120;0.0
ddaR;1.0
desT;0.001
dhcR;1.0
phhR;0.0
psdR;1.0
gltR;1.0
hexR;1.0
erbR;1.0
glpR;1.0
cmpX;0.003
exsA;1.0
fliC;0.004
exsD;1.0
mgtE;1.0
exsE;1.0
exsC;1.0
hmgR;0.0
iscR;1.0
rsmA;0.001
hfq;1.0
asrA;0.005
fhpR;0.005
ppyR;0.005
finR;0.0
fleN;0.005
hsbA;1.0
flgM;1.0
foxI;1.0
foxR;1.0
fpvI;0.001
fpvR;1.0
fruR;0.0
gacS;0.0
ptxR;0.004
ptxS;0.003
gbuR;1.0
gcsR;0.005
glcC;0.0
gntR;0.0
gpuR;1.0
PA2384;0.001
qscR;0.0
lon;1.0
hutC;0.0
kynR;1.0
algQ;1.0
lexA;0.0
PA1269;1.0
liuR;1.0
PA4769;0.0
PA0547;0.0
mexR;0.004
nalD;1.0
amgR;0.005
cpxR;1.0
nfxB;0.0
cmrA;1.0
cueR;0.004
armR;0.005
mmnR;0.0
mmsR;0.003
toxR;0.005
PA4916;0.0
PA3757;0.0
PSPA7_RS29685;0.0
vreI;0.0
PA0797;1.0
pqrR;1.0
PA1050;1.0
PA3249;0.005
PA1504;1.0
PA1539;0.0
PA2299;0.0
PA0149;0.001
PA2050;0.0
phnF;1.0
tpbA;0.0
PA4659;0.0
PA5506;0.0
mifR;0.005
pfeR;1.0
pilR;1.0
pmrB;1.0
hupB;1.0
pyeR;1.0
rbsR;1.0
recA;0.0
sbrR;0.005
sdsB1;1.0
trpI;0.0
