"ID 	 gene_name/lo";cus_tag;normalization
gene-JG10_RS00215;trpI;17.03
gene-JG10_RS00645;AL347_18375;29.77
gene-JG10_RS00710;bauR;27.09
gene-JG10_RS00785;AL347_18525;34.61
gene-JG10_RS01355;AL347_19125;8.22
gene-JG10_RS01460;AL347_19230;24.92
gene-JG10_RS01485;AL347_19255;23.51
gene-JG10_RS01860;AL347_19640;75.01
gene-JG10_RS01910;rpoH;479.04
gene-JG10_RS02155;mexR;298.94
gene-JG10_RS02215;AL347_20000;146.47
gene-JG10_RS02460;AL347_20270;61.72
gene-JG10_RS02655;dnr;116.22
gene-JG10_RS02760;AL347_20580;126.84
gene-JG10_RS02950;rpoD;709.66
gene-JG10_RS03030;rsmA;57.55
gene-JG10_RS03075;AL347_20885;62.29
gene-JG10_RS03325;AL347_21140;358.50
gene-JG10_RS03435;birA;105.15
gene-JG10_RS03720;pchR;198.65
gene-JG10_RS03870;bfiS;5.70
gene-JG10_RS04025;AL347_21855;13.92
gene-JG10_RS04120;AL347_21955;12.77
gene-JG10_RS04140;AL347_21975;2.60
gene-JG10_RS04195;AL347_22035;20.41
gene-JG10_RS04310;ampR;26.09
gene-JG10_RS04355;bfmR;23.53
gene-JG10_RS04580;nrdR;119.94
gene-JG10_RS04990;ladS;26.99
gene-JG10_RS05125;AL347_22975;86.77
gene-JG10_RS05370;AL347_23230;126.71
gene-JG10_RS05375;mdrR1;27.98
gene-JG10_RS05450;tpbA;1.09
gene-JG10_RS05480;narL;78.88
gene-JG10_RS05735;AL347_23595;243.55
gene-JG10_RS05820;iscR;150.79
gene-JG10_RS06125;AL347_23985;19.03
gene-JG10_RS06310;nalC;66.00
gene-JG10_RS06320;armR;505.69
gene-JG10_RS06430;AL347_24290;88.49
gene-JG10_RS06470;AL347_24330;72.53
gene-JG10_RS06805;rpoS;1559.95
gene-JG10_RS06830;recA;276.35
gene-JG10_RS06895;AL347_24760;88.61
gene-JG10_RS06980;metR;36.56
gene-JG10_RS07000;AL347_24870;42.68
gene-JG10_RS07045;nalD;57.44
gene-JG10_RS07060;mmsR;14.14
gene-JG10_RS07105;AL347_24990;31.38
gene-JG10_RS07220;algD;4.72
gene-JG10_RS07435;rhlR;88.06
gene-JG10_RS07845;AL347_25740;52.13
gene-JG10_RS07910;amrZ;1410.53
gene-JG10_RS07930;AL347_25825;2.40
gene-JG10_RS08105;flgM;1009.96
gene-JG10_RS08125;hsbA;87.82
gene-JG10_RS08135;AL347_26025;35.62
gene-JG10_RS08655;AL347_00275;1.87
gene-JG10_RS08880;AL347_00500;42.36
gene-JG10_RS08945;gltR;28.73
gene-JG10_RS08990;AL347_26900;60.92
gene-JG10_RS09105;AL347_27015;457.23
gene-JG10_RS09895;lexA;192.95
gene-JG10_RS09900;psrA;237.15
gene-JG10_RS10280;AL347_28225;7.67
gene-JG10_RS10460;sbrI;36.39
gene-JG10_RS10465;sbrR;6.39
gene-JG10_RS10515;atuR;108.85
gene-JG10_RS10745;AL347_28690;18.98
gene-JG10_RS10820;ospR;63.63
gene-JG10_RS10910;AL347_28855;16.64
gene-JG10_RS11555;AL347_29525;1855.44
gene-JG10_RS12005;pfeR;164.98
gene-JG10_RS12105;mvaU;1108.63
gene-JG10_RS12115;AL347_30085;37.92
gene-JG10_RS12125;ppyR;10.80
gene-JG10_RS12160;AL347_30130;37.59
gene-JG10_RS12165;AL347_30135;25.50
gene-JG10_RS12500;vqsR;5.07
gene-JG10_RS12515;AL347_30490;11.58
gene-JG10_RS12525;AL347_30505;142.85
gene-JG10_RS14035;AL347_32045;20.50
gene-JG10_RS14095;AL347_32110;8.24
gene-JG10_RS14510;mexT;62.50
gene-JG10_RS14625;AL347_32680;308.41
gene-JG10_RS14630;foxR;42.24
gene-JG10_RS14710;AL347_32765;16.41
gene-JG10_RS14795;AL347_32855;9.27
gene-JG10_RS14830;pvdS;1321.01
gene-JG10_RS15010;fpvR;137.64
gene-JG10_RS15015;fpvI;44.67
gene-JG10_RS15030;AL347_33095;90.76
gene-JG10_RS15360;gntR;22.49
gene-JG10_RS15460;AL347_33530;22.88
gene-JG10_RS15590;soxR;21.85
gene-JG10_RS15665;ptxS;49.80
gene-JG10_RS15670;ptxR;4.22
gene-JG10_RS15705;AL347_00810;35.64
gene-JG10_RS15825;vqsM;58.46
gene-JG10_RS16125;AL347_01365;133.58
gene-JG10_RS16275;AL347_01520;18.54
gene-JG10_RS16895;kynR;40.64
gene-JG10_RS17060;AL347_02355;4.11
gene-JG10_RS17075;cmrA;22.39
gene-JG10_RS17145;AL347_02445;35.19
gene-JG10_RS17230;liuR;98.34
gene-JG10_RS17260;AL347_02560;11.44
gene-JG10_RS17320;AL347_02620;10.66
gene-JG10_RS17425;AL347_02720;12.59
gene-JG10_RS17570;AL347_02870;21.15
gene-JG10_RS17815;qscR;5.48
gene-JG10_RS18300;hupB;3216.61
gene-JG10_RS18305;lon;750.18
gene-JG10_RS18310;clpX;1618.33
gene-JG10_RS18315;clpP;438.01
gene-JG10_RS18465;sigX;424.33
gene-JG10_RS18470;AL347_03805;83.25
gene-JG10_RS18575;cysB;402.50
gene-JG10_RS18775;exsD;61.00
gene-JG10_RS18780;exsA;102.47
gene-JG10_RS18790;exsE;23.54
gene-JG10_RS18795;exsC;131.04
gene-JG10_RS19655;anr;400.64
gene-JG10_RS19780;AL347_05155;112.70
gene-JG10_RS19860;AL347_05240;47.23
gene-JG10_RS20110;fliA;222.37
gene-JG10_RS20115;fleN;265.45
gene-JG10_RS20195;AL347_05575;10.99
gene-JG10_RS20225;lasI;20.09
gene-JG10_RS20230;lasR;106.00
gene-JG10_RS20320;AL347_05705;28.00
gene-JG10_RS21355;AL347_06765;31.52
gene-JG10_RS21405;AL347_06815;5.07
gene-JG10_RS21730;ddaR;26.43
gene-JG10_RS21800;AL347_07225;16.77
gene-JG10_RS21810;phoQ;48.02
gene-JG10_RS21815;phoP;183.61
gene-JG10_RS22255;fleQ;237.85
gene-JG10_RS22280;fliC;4394.77
gene-JG10_RS22495;AL347_07935;20.76
gene-JG10_RS22750;mvfR;28.93
gene-JG10_RS23045;AL347_08505;89.02
gene-JG10_RS23120;gacS;34.20
gene-JG10_RS23450;mgtE;81.40
gene-JG10_RS23505;AL347_08970;742.26
gene-JG10_RS23565;argR;53.65
gene-JG10_RS23665;AL347_09140;19.30
gene-JG10_RS24065;AL347_09525;24.50
gene-JG10_RS24155;AL347_09615;27.87
gene-JG10_RS24160;lon;675.36
gene-JG10_RS24225;mucD;534.82
gene-JG10_RS24230;mucC;223.85
gene-JG10_RS24235;mucB;110.81
gene-JG10_RS24240;mucA;246.14
gene-JG10_RS24245;AL347_09705;396.95
gene-JG10_RS24365;AL347_09825;11.39
gene-JG10_RS24545;toxR;19.55
gene-JG10_RS24710;vreI;27.92
gene-JG10_RS24845;pprB;165.07
gene-JG10_RS24945;mvaT;1224.55
gene-JG10_RS25140;pyeR;45.28
gene-JG10_RS25615;algW;42.57
gene-JG10_RS25695;AL347_11175;199.52
gene-JG10_RS25850;AL347_11330;278.05
gene-JG10_RS25855;AL347_11335;147.59
gene-JG10_RS25880;psdR;103.91
gene-JG10_RS26740;pilR;73.65
gene-JG10_RS26985;AL347_12465;522.85
gene-JG10_RS26995;AL347_12475;145.72
gene-JG10_RS27015;nfxB;140.94
gene-JG10_RS27330;AL347_12815;30.95
gene-JG10_RS27715;cbrA;36.28
gene-JG10_RS27720;cbrB;213.10
gene-JG10_RS27920;fur;323.31
gene-JG10_RS27945;AL347_13440;65.04
gene-JG10_RS27980;pmrA;31.75
gene-JG10_RS27985;pmrB;14.86
gene-JG10_RS27990;cueR;73.91
gene-JG10_RS28375;fis;423.40
gene-JG10_RS28500;brlR;27.94
gene-JG10_RS28560;desT;18.15
gene-JG10_RS28640;AL347_14140;24.91
gene-JG10_RS28690;AL347_14190;27.53
gene-JG10_RS28840;hfq;1655.54
gene-JG10_RS29550;AL347_15075;27.56
gene-JG10_RS29645;hutC;33.71
gene-JG10_RS29745;ntrC;44.22
gene-JG10_RS30030;dctD;53.17
gene-JG10_RS30205;amgR;161.87
gene-JG10_RS30490;AL347_16020;563.66
gene-JG10_RS30520;algR;174.84
gene-JG10_RS30525;algZ;126.49
gene-JG10_RS30700;AL347_16230;38.95
gene-JG10_RS30845;sphR;30.41
gene-JG10_RS30885;AL347_16415;194.84
gene-JG10_RS30945;oxyR;189.66
gene-JG10_RS31005;glcC;21.32
gene-JG10_RS31025;phoB;58.15
gene-JG10_RS31120;betI;19.58
gene-JG10_RS31150;AL347_16690;61.27
gene-JG10_RS31195;cdhR;28.25
gene-JG10_RS31405;AL347_16955;2.32
gene-JG10_RS31435;AL347_16985;22.37
gene-JG10_RS31445;hexR;94.35
gene-JG10_RS31615;AL347_17165;38.81
gene-JG10_RS31670;algB;53.95
gene-JG10_RS31750;AL347_17315;54.20
gene-JG10_RS31785;AL347_17350;18.05
gene-JG10_RS31810;AL347_17375;36.96
gene-JG10_RS32005;AL347_17570;35.89
gene-JG10_RS32260;rsaL;14.88
