"ID 	 gene_name/lo";cus_tag;normalization
gene-JG10_RS00215;trpI;22.36
gene-JG10_RS00645;AL347_18375;23.65
gene-JG10_RS00710;bauR;30.42
gene-JG10_RS00785;AL347_18525;9.09
gene-JG10_RS01355;AL347_19125;5.71
gene-JG10_RS01460;AL347_19230;22.38
gene-JG10_RS01485;AL347_19255;22.98
gene-JG10_RS01860;AL347_19640;66.56
gene-JG10_RS01910;rpoH;698.22
gene-JG10_RS02155;mexR;168.59
gene-JG10_RS02215;AL347_20000;104.53
gene-JG10_RS02460;AL347_20270;51.65
gene-JG10_RS02655;dnr;159.01
gene-JG10_RS02760;AL347_20580;73.53
gene-JG10_RS02950;rpoD;1227.00
gene-JG10_RS03030;rsmA;112.71
gene-JG10_RS03075;AL347_20885;52.89
gene-JG10_RS03325;AL347_21140;351.13
gene-JG10_RS03435;birA;121.19
gene-JG10_RS03720;pchR;9.46
gene-JG10_RS03870;bfiS;13.87
gene-JG10_RS04025;AL347_21855;8.79
gene-JG10_RS04120;AL347_21955;11.12
gene-JG10_RS04140;AL347_21975;4.73
gene-JG10_RS04195;AL347_22035;18.15
gene-JG10_RS04310;ampR;17.22
gene-JG10_RS04355;bfmR;35.92
gene-JG10_RS04580;nrdR;125.08
gene-JG10_RS04990;ladS;25.79
gene-JG10_RS05125;AL347_22975;144.15
gene-JG10_RS05370;AL347_23230;8.55
gene-JG10_RS05375;mdrR1;16.67
gene-JG10_RS05450;tpbA;4.62
gene-JG10_RS05480;narL;99.54
gene-JG10_RS05735;AL347_23595;222.30
gene-JG10_RS05820;iscR;235.72
gene-JG10_RS06125;AL347_23985;36.06
gene-JG10_RS06310;nalC;123.53
gene-JG10_RS06320;armR;625.49
gene-JG10_RS06430;AL347_24290;68.22
gene-JG10_RS06470;AL347_24330;50.22
gene-JG10_RS06805;rpoS;768.65
gene-JG10_RS06830;recA;311.30
gene-JG10_RS06895;AL347_24760;118.99
gene-JG10_RS06980;metR;34.45
gene-JG10_RS07000;AL347_24870;66.58
gene-JG10_RS07045;nalD;106.95
gene-JG10_RS07060;mmsR;20.08
gene-JG10_RS07105;AL347_24990;50.56
gene-JG10_RS07220;algD;8.56
gene-JG10_RS07435;rhlR;76.09
gene-JG10_RS07845;AL347_25740;38.38
gene-JG10_RS07910;amrZ;887.49
gene-JG10_RS07930;AL347_25825;3.72
gene-JG10_RS08105;flgM;809.94
gene-JG10_RS08125;hsbA;60.65
gene-JG10_RS08135;AL347_26025;40.98
gene-JG10_RS08655;AL347_00275;4.18
gene-JG10_RS08880;AL347_00500;81.15
gene-JG10_RS08945;gltR;42.17
gene-JG10_RS08990;AL347_26900;75.55
gene-JG10_RS09105;AL347_27015;247.52
gene-JG10_RS09895;lexA;204.16
gene-JG10_RS09900;psrA;228.26
gene-JG10_RS10280;AL347_28225;21.99
gene-JG10_RS10460;sbrI;67.09
gene-JG10_RS10465;sbrR;28.97
gene-JG10_RS10515;atuR;65.46
gene-JG10_RS10745;AL347_28690;75.79
gene-JG10_RS10820;ospR;97.75
gene-JG10_RS10910;AL347_28855;15.55
gene-JG10_RS11555;AL347_29525;1551.95
gene-JG10_RS12005;pfeR;18.09
gene-JG10_RS12105;mvaU;921.10
gene-JG10_RS12115;AL347_30085;37.93
gene-JG10_RS12125;ppyR;16.70
gene-JG10_RS12160;AL347_30130;50.12
gene-JG10_RS12165;AL347_30135;38.13
gene-JG10_RS12500;vqsR;9.82
gene-JG10_RS12515;AL347_30490;7.84
gene-JG10_RS12525;AL347_30505;208.21
gene-JG10_RS14035;AL347_32045;22.42
gene-JG10_RS14095;AL347_32110;10.22
gene-JG10_RS14510;mexT;87.10
gene-JG10_RS14625;AL347_32680;22.52
gene-JG10_RS14630;foxR;6.90
gene-JG10_RS14710;AL347_32765;38.77
gene-JG10_RS14795;AL347_32855;11.95
gene-JG10_RS14830;pvdS;0.67
gene-JG10_RS15010;fpvR;120.15
gene-JG10_RS15015;fpvI;27.03
gene-JG10_RS15030;AL347_33095;2.71
gene-JG10_RS15360;gntR;24.32
gene-JG10_RS15460;AL347_33530;17.98
gene-JG10_RS15590;soxR;18.93
gene-JG10_RS15665;ptxS;30.97
gene-JG10_RS15670;ptxR;6.27
gene-JG10_RS15705;AL347_00810;29.80
gene-JG10_RS15825;vqsM;64.63
gene-JG10_RS16125;AL347_01365;116.73
gene-JG10_RS16275;AL347_01520;12.52
gene-JG10_RS16895;kynR;45.43
gene-JG10_RS17060;AL347_02355;0.75
gene-JG10_RS17075;cmrA;23.76
gene-JG10_RS17145;AL347_02445;45.55
gene-JG10_RS17230;liuR;472.17
gene-JG10_RS17260;AL347_02560;56.99
gene-JG10_RS17320;AL347_02620;19.59
gene-JG10_RS17425;AL347_02720;27.00
gene-JG10_RS17570;AL347_02870;58.32
gene-JG10_RS17815;qscR;4.47
gene-JG10_RS18300;hupB;1267.30
gene-JG10_RS18305;lon;796.06
gene-JG10_RS18310;clpX;1921.56
gene-JG10_RS18315;clpP;416.64
gene-JG10_RS18465;sigX;1081.05
gene-JG10_RS18470;AL347_03805;119.90
gene-JG10_RS18575;cysB;276.88
gene-JG10_RS18775;exsD;32.79
gene-JG10_RS18780;exsA;45.62
gene-JG10_RS18790;exsE;17.47
gene-JG10_RS18795;exsC;80.04
gene-JG10_RS19655;anr;522.55
gene-JG10_RS19780;AL347_05155;143.81
gene-JG10_RS19860;AL347_05240;72.31
gene-JG10_RS20110;fliA;249.17
gene-JG10_RS20115;fleN;215.50
gene-JG10_RS20195;AL347_05575;13.32
gene-JG10_RS20225;lasI;154.23
gene-JG10_RS20230;lasR;185.42
gene-JG10_RS20320;AL347_05705;37.72
gene-JG10_RS21355;AL347_06765;26.50
gene-JG10_RS21405;AL347_06815;9.51
gene-JG10_RS21730;ddaR;37.79
gene-JG10_RS21800;AL347_07225;32.25
gene-JG10_RS21810;phoQ;217.82
gene-JG10_RS21815;phoP;746.58
gene-JG10_RS22255;fleQ;196.67
gene-JG10_RS22280;fliC;3641.41
gene-JG10_RS22495;AL347_07935;29.11
gene-JG10_RS22750;mvfR;92.55
gene-JG10_RS23045;AL347_08505;55.62
gene-JG10_RS23120;gacS;54.13
gene-JG10_RS23450;mgtE;82.22
gene-JG10_RS23505;AL347_08970;432.45
gene-JG10_RS23565;argR;47.47
gene-JG10_RS23665;AL347_09140;31.00
gene-JG10_RS24065;AL347_09525;118.42
gene-JG10_RS24155;AL347_09615;31.23
gene-JG10_RS24160;lon;739.15
gene-JG10_RS24225;mucD;696.32
gene-JG10_RS24230;mucC;292.65
gene-JG10_RS24235;mucB;298.93
gene-JG10_RS24240;mucA;566.81
gene-JG10_RS24245;AL347_09705;731.22
gene-JG10_RS24365;AL347_09825;7.68
gene-JG10_RS24545;toxR;4.45
gene-JG10_RS24710;vreI;4.18
gene-JG10_RS24845;pprB;79.41
gene-JG10_RS24945;mvaT;1011.12
gene-JG10_RS25140;pyeR;92.62
gene-JG10_RS25615;algW;92.08
gene-JG10_RS25695;AL347_11175;275.83
gene-JG10_RS25850;AL347_11330;316.66
gene-JG10_RS25855;AL347_11335;141.85
gene-JG10_RS25880;psdR;85.63
gene-JG10_RS26740;pilR;62.29
gene-JG10_RS26985;AL347_12465;483.59
gene-JG10_RS26995;AL347_12475;110.55
gene-JG10_RS27015;nfxB;149.89
gene-JG10_RS27330;AL347_12815;19.14
gene-JG10_RS27715;cbrA;36.94
gene-JG10_RS27720;cbrB;359.85
gene-JG10_RS27920;fur;232.12
gene-JG10_RS27945;AL347_13440;90.12
gene-JG10_RS27980;pmrA;37.00
gene-JG10_RS27985;pmrB;12.26
gene-JG10_RS27990;cueR;74.08
gene-JG10_RS28375;fis;714.95
gene-JG10_RS28500;brlR;21.04
gene-JG10_RS28560;desT;30.93
gene-JG10_RS28640;AL347_14140;24.46
gene-JG10_RS28690;AL347_14190;29.72
gene-JG10_RS28840;hfq;955.28
gene-JG10_RS29550;AL347_15075;50.37
gene-JG10_RS29645;hutC;78.82
gene-JG10_RS29745;ntrC;24.55
gene-JG10_RS30030;dctD;75.79
gene-JG10_RS30205;amgR;236.33
gene-JG10_RS30490;AL347_16020;447.99
gene-JG10_RS30520;algR;259.58
gene-JG10_RS30525;algZ;103.47
gene-JG10_RS30700;AL347_16230;44.96
gene-JG10_RS30845;sphR;24.97
gene-JG10_RS30885;AL347_16415;270.74
gene-JG10_RS30945;oxyR;269.51
gene-JG10_RS31005;glcC;20.17
gene-JG10_RS31025;phoB;67.14
gene-JG10_RS31120;betI;73.25
gene-JG10_RS31150;AL347_16690;50.13
gene-JG10_RS31195;cdhR;16.58
gene-JG10_RS31405;AL347_16955;4.79
gene-JG10_RS31435;AL347_16985;27.01
gene-JG10_RS31445;hexR;117.37
gene-JG10_RS31615;AL347_17165;46.74
gene-JG10_RS31670;algB;107.46
gene-JG10_RS31750;AL347_17315;100.59
gene-JG10_RS31785;AL347_17350;66.45
gene-JG10_RS31810;AL347_17375;32.50
gene-JG10_RS32005;AL347_17570;51.48
gene-JG10_RS32260;rsaL;33.22
