"ID 	 gene_name/lo";cus_tag;normalization
gene-JG10_RS00215;trpI;22.46
gene-JG10_RS00645;AL347_18375;35.43
gene-JG10_RS00710;bauR;43.58
gene-JG10_RS00785;AL347_18525;10.23
gene-JG10_RS01355;AL347_19125;5.75
gene-JG10_RS01460;AL347_19230;25.51
gene-JG10_RS01485;AL347_19255;20.29
gene-JG10_RS01860;AL347_19640;69.14
gene-JG10_RS01910;rpoH;771.00
gene-JG10_RS02155;mexR;179.80
gene-JG10_RS02215;AL347_20000;107.28
gene-JG10_RS02460;AL347_20270;57.59
gene-JG10_RS02655;dnr;146.88
gene-JG10_RS02760;AL347_20580;58.79
gene-JG10_RS02950;rpoD;882.96
gene-JG10_RS03030;rsmA;65.02
gene-JG10_RS03075;AL347_20885;55.07
gene-JG10_RS03325;AL347_21140;282.79
gene-JG10_RS03435;birA;75.71
gene-JG10_RS03720;pchR;9.00
gene-JG10_RS03870;bfiS;15.87
gene-JG10_RS04025;AL347_21855;2.24
gene-JG10_RS04120;AL347_21955;12.78
gene-JG10_RS04140;AL347_21975;4.12
gene-JG10_RS04195;AL347_22035;20.07
gene-JG10_RS04310;ampR;23.50
gene-JG10_RS04355;bfmR;32.31
gene-JG10_RS04580;nrdR;100.43
gene-JG10_RS04990;ladS;23.73
gene-JG10_RS05125;AL347_22975;121.68
gene-JG10_RS05370;AL347_23230;6.04
gene-JG10_RS05375;mdrR1;16.68
gene-JG10_RS05450;tpbA;4.91
gene-JG10_RS05480;narL;150.90
gene-JG10_RS05735;AL347_23595;209.53
gene-JG10_RS05820;iscR;156.32
gene-JG10_RS06125;AL347_23985;33.25
gene-JG10_RS06310;nalC;62.38
gene-JG10_RS06320;armR;636.25
gene-JG10_RS06430;AL347_24290;73.55
gene-JG10_RS06470;AL347_24330;49.33
gene-JG10_RS06805;rpoS;873.99
gene-JG10_RS06830;recA;280.83
gene-JG10_RS06895;AL347_24760;99.89
gene-JG10_RS06980;metR;47.81
gene-JG10_RS07000;AL347_24870;59.06
gene-JG10_RS07045;nalD;76.13
gene-JG10_RS07060;mmsR;15.40
gene-JG10_RS07105;AL347_24990;48.71
gene-JG10_RS07220;algD;8.74
gene-JG10_RS07435;rhlR;71.96
gene-JG10_RS07845;AL347_25740;36.96
gene-JG10_RS07910;amrZ;969.15
gene-JG10_RS07930;AL347_25825;0.47
gene-JG10_RS08105;flgM;861.58
gene-JG10_RS08125;hsbA;88.58
gene-JG10_RS08135;AL347_26025;25.70
gene-JG10_RS08655;AL347_00275;3.53
gene-JG10_RS08880;AL347_00500;96.43
gene-JG10_RS08945;gltR;48.95
gene-JG10_RS08990;AL347_26900;70.05
gene-JG10_RS09105;AL347_27015;268.67
gene-JG10_RS09895;lexA;209.83
gene-JG10_RS09900;psrA;320.83
gene-JG10_RS10280;AL347_28225;23.67
gene-JG10_RS10460;sbrI;101.07
gene-JG10_RS10465;sbrR;71.72
gene-JG10_RS10515;atuR;77.90
gene-JG10_RS10745;AL347_28690;51.83
gene-JG10_RS10820;ospR;91.87
gene-JG10_RS10910;AL347_28855;13.77
gene-JG10_RS11555;AL347_29525;1695.47
gene-JG10_RS12005;pfeR;17.92
gene-JG10_RS12105;mvaU;903.40
gene-JG10_RS12115;AL347_30085;50.51
gene-JG10_RS12125;ppyR;26.12
gene-JG10_RS12160;AL347_30130;62.11
gene-JG10_RS12165;AL347_30135;43.14
gene-JG10_RS12500;vqsR;9.61
gene-JG10_RS12515;AL347_30490;7.62
gene-JG10_RS12525;AL347_30505;146.16
gene-JG10_RS14035;AL347_32045;37.18
gene-JG10_RS14095;AL347_32110;18.70
gene-JG10_RS14510;mexT;97.76
gene-JG10_RS14625;AL347_32680;18.82
gene-JG10_RS14630;foxR;5.66
gene-JG10_RS14710;AL347_32765;30.55
gene-JG10_RS14795;AL347_32855;11.19
gene-JG10_RS14830;pvdS;4.80
gene-JG10_RS15010;fpvR;80.12
gene-JG10_RS15015;fpvI;14.42
gene-JG10_RS15030;AL347_33095;0.02
gene-JG10_RS15360;gntR;23.45
gene-JG10_RS15460;AL347_33530;29.44
gene-JG10_RS15590;soxR;24.55
gene-JG10_RS15665;ptxS;53.35
gene-JG10_RS15670;ptxR;3.63
gene-JG10_RS15705;AL347_00810;30.97
gene-JG10_RS15825;vqsM;56.56
gene-JG10_RS16125;AL347_01365;90.00
gene-JG10_RS16275;AL347_01520;11.49
gene-JG10_RS16895;kynR;48.35
gene-JG10_RS17060;AL347_02355;0.98
gene-JG10_RS17075;cmrA;22.51
gene-JG10_RS17145;AL347_02445;35.40
gene-JG10_RS17230;liuR;965.17
gene-JG10_RS17260;AL347_02560;69.43
gene-JG10_RS17320;AL347_02620;24.14
gene-JG10_RS17425;AL347_02720;32.15
gene-JG10_RS17570;AL347_02870;67.10
gene-JG10_RS17815;qscR;8.20
gene-JG10_RS18300;hupB;1270.03
gene-JG10_RS18305;lon;658.72
gene-JG10_RS18310;clpX;1800.49
gene-JG10_RS18315;clpP;440.11
gene-JG10_RS18465;sigX;1019.16
gene-JG10_RS18470;AL347_03805;107.47
gene-JG10_RS18575;cysB;336.39
gene-JG10_RS18775;exsD;30.75
gene-JG10_RS18780;exsA;37.41
gene-JG10_RS18790;exsE;12.94
gene-JG10_RS18795;exsC;47.15
gene-JG10_RS19655;anr;475.73
gene-JG10_RS19780;AL347_05155;119.26
gene-JG10_RS19860;AL347_05240;42.07
gene-JG10_RS20110;fliA;240.23
gene-JG10_RS20115;fleN;223.65
gene-JG10_RS20195;AL347_05575;16.75
gene-JG10_RS20225;lasI;202.78
gene-JG10_RS20230;lasR;212.01
gene-JG10_RS20320;AL347_05705;25.11
gene-JG10_RS21355;AL347_06765;34.65
gene-JG10_RS21405;AL347_06815;7.53
gene-JG10_RS21730;ddaR;59.51
gene-JG10_RS21800;AL347_07225;26.01
gene-JG10_RS21810;phoQ;263.42
gene-JG10_RS21815;phoP;1197.24
gene-JG10_RS22255;fleQ;187.82
gene-JG10_RS22280;fliC;4272.88
gene-JG10_RS22495;AL347_07935;31.43
gene-JG10_RS22750;mvfR;137.59
gene-JG10_RS23045;AL347_08505;63.63
gene-JG10_RS23120;gacS;52.49
gene-JG10_RS23450;mgtE;82.56
gene-JG10_RS23505;AL347_08970;280.76
gene-JG10_RS23565;argR;45.22
gene-JG10_RS23665;AL347_09140;26.54
gene-JG10_RS24065;AL347_09525;149.82
gene-JG10_RS24155;AL347_09615;27.77
gene-JG10_RS24160;lon;596.02
gene-JG10_RS24225;mucD;1030.49
gene-JG10_RS24230;mucC;452.46
gene-JG10_RS24235;mucB;487.09
gene-JG10_RS24240;mucA;1247.99
gene-JG10_RS24245;AL347_09705;1012.11
gene-JG10_RS24365;AL347_09825;17.49
gene-JG10_RS24545;toxR;7.24
gene-JG10_RS24710;vreI;7.52
gene-JG10_RS24845;pprB;81.28
gene-JG10_RS24945;mvaT;1071.39
gene-JG10_RS25140;pyeR;63.27
gene-JG10_RS25615;algW;71.77
gene-JG10_RS25695;AL347_11175;238.86
gene-JG10_RS25850;AL347_11330;288.22
gene-JG10_RS25855;AL347_11335;143.20
gene-JG10_RS25880;psdR;99.47
gene-JG10_RS26740;pilR;61.44
gene-JG10_RS26985;AL347_12465;443.16
gene-JG10_RS26995;AL347_12475;182.39
gene-JG10_RS27015;nfxB;188.23
gene-JG10_RS27330;AL347_12815;17.00
gene-JG10_RS27715;cbrA;33.03
gene-JG10_RS27720;cbrB;382.86
gene-JG10_RS27920;fur;224.34
gene-JG10_RS27945;AL347_13440;60.74
gene-JG10_RS27980;pmrA;81.41
gene-JG10_RS27985;pmrB;24.63
gene-JG10_RS27990;cueR;81.36
gene-JG10_RS28375;fis;395.10
gene-JG10_RS28500;brlR;29.74
gene-JG10_RS28560;desT;26.68
gene-JG10_RS28640;AL347_14140;32.17
gene-JG10_RS28690;AL347_14190;38.35
gene-JG10_RS28840;hfq;751.30
gene-JG10_RS29550;AL347_15075;59.72
gene-JG10_RS29645;hutC;100.26
gene-JG10_RS29745;ntrC;29.79
gene-JG10_RS30030;dctD;75.44
gene-JG10_RS30205;amgR;263.10
gene-JG10_RS30490;AL347_16020;453.55
gene-JG10_RS30520;algR;445.77
gene-JG10_RS30525;algZ;146.80
gene-JG10_RS30700;AL347_16230;32.70
gene-JG10_RS30845;sphR;36.27
gene-JG10_RS30885;AL347_16415;242.66
gene-JG10_RS30945;oxyR;263.84
gene-JG10_RS31005;glcC;29.85
gene-JG10_RS31025;phoB;54.24
gene-JG10_RS31120;betI;77.69
gene-JG10_RS31150;AL347_16690;46.32
gene-JG10_RS31195;cdhR;22.46
gene-JG10_RS31405;AL347_16955;4.54
gene-JG10_RS31435;AL347_16985;34.02
gene-JG10_RS31445;hexR;157.66
gene-JG10_RS31615;AL347_17165;31.77
gene-JG10_RS31670;algB;178.95
gene-JG10_RS31750;AL347_17315;104.10
gene-JG10_RS31785;AL347_17350;56.94
gene-JG10_RS31810;AL347_17375;34.80
gene-JG10_RS32005;AL347_17570;32.60
gene-JG10_RS32260;rsaL;58.65
