"ID 	 gene_name/lo";cus_tag;normalization
gene-JG10_RS00215;trpI;13.08
gene-JG10_RS00645;AL347_18375;16.48
gene-JG10_RS00710;bauR;20.01
gene-JG10_RS00785;AL347_18525;8.39
gene-JG10_RS01355;AL347_19125;6.06
gene-JG10_RS01460;AL347_19230;21.34
gene-JG10_RS01485;AL347_19255;13.55
gene-JG10_RS01860;AL347_19640;44.45
gene-JG10_RS01910;rpoH;373.89
gene-JG10_RS02155;mexR;147.55
gene-JG10_RS02215;AL347_20000;99.87
gene-JG10_RS02460;AL347_20270;40.22
gene-JG10_RS02655;dnr;104.84
gene-JG10_RS02760;AL347_20580;56.34
gene-JG10_RS02950;rpoD;637.14
gene-JG10_RS03030;rsmA;45.08
gene-JG10_RS03075;AL347_20885;35.89
gene-JG10_RS03325;AL347_21140;200.65
gene-JG10_RS03435;birA;85.45
gene-JG10_RS03720;pchR;4.25
gene-JG10_RS03870;bfiS;7.45
gene-JG10_RS04025;AL347_21855;5.40
gene-JG10_RS04120;AL347_21955;7.94
gene-JG10_RS04140;AL347_21975;4.16
gene-JG10_RS04195;AL347_22035;17.17
gene-JG10_RS04310;ampR;18.01
gene-JG10_RS04355;bfmR;19.80
gene-JG10_RS04580;nrdR;79.16
gene-JG10_RS04990;ladS;21.13
gene-JG10_RS05125;AL347_22975;76.54
gene-JG10_RS05370;AL347_23230;5.10
gene-JG10_RS05375;mdrR1;13.65
gene-JG10_RS05450;tpbA;0.74
gene-JG10_RS05480;narL;109.49
gene-JG10_RS05735;AL347_23595;155.62
gene-JG10_RS05820;iscR;172.53
gene-JG10_RS06125;AL347_23985;11.12
gene-JG10_RS06310;nalC;46.40
gene-JG10_RS06320;armR;301.63
gene-JG10_RS06430;AL347_24290;72.77
gene-JG10_RS06470;AL347_24330;29.52
gene-JG10_RS06805;rpoS;529.29
gene-JG10_RS06830;recA;194.15
gene-JG10_RS06895;AL347_24760;55.71
gene-JG10_RS06980;metR;20.76
gene-JG10_RS07000;AL347_24870;26.02
gene-JG10_RS07045;nalD;57.61
gene-JG10_RS07060;mmsR;9.65
gene-JG10_RS07105;AL347_24990;25.33
gene-JG10_RS07220;algD;5.88
gene-JG10_RS07435;rhlR;50.12
gene-JG10_RS07845;AL347_25740;28.94
gene-JG10_RS07910;amrZ;891.81
gene-JG10_RS07930;AL347_25825;0.86
gene-JG10_RS08105;flgM;684.65
gene-JG10_RS08125;hsbA;66.82
gene-JG10_RS08135;AL347_26025;27.71
gene-JG10_RS08655;AL347_00275;3.67
gene-JG10_RS08880;AL347_00500;45.39
gene-JG10_RS08945;gltR;37.33
gene-JG10_RS08990;AL347_26900;50.28
gene-JG10_RS09105;AL347_27015;224.05
gene-JG10_RS09895;lexA;141.15
gene-JG10_RS09900;psrA;293.50
gene-JG10_RS10280;AL347_28225;13.61
gene-JG10_RS10460;sbrI;37.27
gene-JG10_RS10465;sbrR;14.63
gene-JG10_RS10515;atuR;62.87
gene-JG10_RS10745;AL347_28690;27.92
gene-JG10_RS10820;ospR;46.16
gene-JG10_RS10910;AL347_28855;7.67
gene-JG10_RS11555;AL347_29525;1255.48
gene-JG10_RS12005;pfeR;10.94
gene-JG10_RS12105;mvaU;608.27
gene-JG10_RS12115;AL347_30085;26.16
gene-JG10_RS12125;ppyR;17.24
gene-JG10_RS12160;AL347_30130;31.97
gene-JG10_RS12165;AL347_30135;25.61
gene-JG10_RS12500;vqsR;6.89
gene-JG10_RS12515;AL347_30490;6.79
gene-JG10_RS12525;AL347_30505;150.62
gene-JG10_RS14035;AL347_32045;14.70
gene-JG10_RS14095;AL347_32110;9.56
gene-JG10_RS14510;mexT;58.00
gene-JG10_RS14625;AL347_32680;12.22
gene-JG10_RS14630;foxR;2.70
gene-JG10_RS14710;AL347_32765;21.33
gene-JG10_RS14795;AL347_32855;8.38
gene-JG10_RS14830;pvdS;4.19
gene-JG10_RS15010;fpvR;85.92
gene-JG10_RS15015;fpvI;9.51
gene-JG10_RS15030;AL347_33095;1.80
gene-JG10_RS15360;gntR;20.47
gene-JG10_RS15460;AL347_33530;16.84
gene-JG10_RS15590;soxR;12.22
gene-JG10_RS15665;ptxS;24.83
gene-JG10_RS15670;ptxR;2.94
gene-JG10_RS15705;AL347_00810;20.06
gene-JG10_RS15825;vqsM;46.59
gene-JG10_RS16125;AL347_01365;72.93
gene-JG10_RS16275;AL347_01520;5.74
gene-JG10_RS16895;kynR;41.13
gene-JG10_RS17060;AL347_02355;0.64
gene-JG10_RS17075;cmrA;13.47
gene-JG10_RS17145;AL347_02445;27.48
gene-JG10_RS17230;liuR;366.94
gene-JG10_RS17260;AL347_02560;44.63
gene-JG10_RS17320;AL347_02620;10.68
gene-JG10_RS17425;AL347_02720;10.85
gene-JG10_RS17570;AL347_02870;34.16
gene-JG10_RS17815;qscR;6.54
gene-JG10_RS18300;hupB;960.09
gene-JG10_RS18305;lon;530.44
gene-JG10_RS18310;clpX;1342.11
gene-JG10_RS18315;clpP;278.71
gene-JG10_RS18465;sigX;618.96
gene-JG10_RS18470;AL347_03805;89.74
gene-JG10_RS18575;cysB;206.65
gene-JG10_RS18775;exsD;19.47
gene-JG10_RS18780;exsA;34.46
gene-JG10_RS18790;exsE;10.89
gene-JG10_RS18795;exsC;48.37
gene-JG10_RS19655;anr;286.31
gene-JG10_RS19780;AL347_05155;94.31
gene-JG10_RS19860;AL347_05240;19.63
gene-JG10_RS20110;fliA;182.53
gene-JG10_RS20115;fleN;179.30
gene-JG10_RS20195;AL347_05575;6.80
gene-JG10_RS20225;lasI;103.12
gene-JG10_RS20230;lasR;143.93
gene-JG10_RS20320;AL347_05705;16.99
gene-JG10_RS21355;AL347_06765;26.53
gene-JG10_RS21405;AL347_06815;4.00
gene-JG10_RS21730;ddaR;34.92
gene-JG10_RS21800;AL347_07225;12.03
gene-JG10_RS21810;phoQ;97.77
gene-JG10_RS21815;phoP;370.15
gene-JG10_RS22255;fleQ;146.28
gene-JG10_RS22280;fliC;2171.72
gene-JG10_RS22495;AL347_07935;15.29
gene-JG10_RS22750;mvfR;56.42
gene-JG10_RS23045;AL347_08505;49.54
gene-JG10_RS23120;gacS;34.79
gene-JG10_RS23450;mgtE;56.29
gene-JG10_RS23505;AL347_08970;363.33
gene-JG10_RS23565;argR;31.27
gene-JG10_RS23665;AL347_09140;22.93
gene-JG10_RS24065;AL347_09525;57.59
gene-JG10_RS24155;AL347_09615;16.80
gene-JG10_RS24160;lon;465.05
gene-JG10_RS24225;mucD;382.64
gene-JG10_RS24230;mucC;208.94
gene-JG10_RS24235;mucB;152.39
gene-JG10_RS24240;mucA;266.12
gene-JG10_RS24245;AL347_09705;457.11
gene-JG10_RS24365;AL347_09825;9.72
gene-JG10_RS24545;toxR;4.19
gene-JG10_RS24710;vreI;3.30
gene-JG10_RS24845;pprB;65.67
gene-JG10_RS24945;mvaT;651.22
gene-JG10_RS25140;pyeR;27.99
gene-JG10_RS25615;algW;42.05
gene-JG10_RS25695;AL347_11175;174.89
gene-JG10_RS25850;AL347_11330;173.16
gene-JG10_RS25855;AL347_11335;106.74
gene-JG10_RS25880;psdR;57.28
gene-JG10_RS26740;pilR;43.66
gene-JG10_RS26985;AL347_12465;314.23
gene-JG10_RS26995;AL347_12475;131.35
gene-JG10_RS27015;nfxB;102.16
gene-JG10_RS27330;AL347_12815;12.48
gene-JG10_RS27715;cbrA;33.73
gene-JG10_RS27720;cbrB;181.07
gene-JG10_RS27920;fur;155.21
gene-JG10_RS27945;AL347_13440;56.19
gene-JG10_RS27980;pmrA;14.70
gene-JG10_RS27985;pmrB;6.20
gene-JG10_RS27990;cueR;32.22
gene-JG10_RS28375;fis;483.54
gene-JG10_RS28500;brlR;20.99
gene-JG10_RS28560;desT;11.01
gene-JG10_RS28640;AL347_14140;19.31
gene-JG10_RS28690;AL347_14190;23.39
gene-JG10_RS28840;hfq;807.97
gene-JG10_RS29550;AL347_15075;36.41
gene-JG10_RS29645;hutC;63.37
gene-JG10_RS29745;ntrC;20.42
gene-JG10_RS30030;dctD;46.82
gene-JG10_RS30205;amgR;96.07
gene-JG10_RS30490;AL347_16020;235.33
gene-JG10_RS30520;algR;135.23
gene-JG10_RS30525;algZ;76.08
gene-JG10_RS30700;AL347_16230;25.00
gene-JG10_RS30845;sphR;24.64
gene-JG10_RS30885;AL347_16415;187.19
gene-JG10_RS30945;oxyR;145.41
gene-JG10_RS31005;glcC;11.07
gene-JG10_RS31025;phoB;38.09
gene-JG10_RS31120;betI;46.68
gene-JG10_RS31150;AL347_16690;36.14
gene-JG10_RS31195;cdhR;11.31
gene-JG10_RS31405;AL347_16955;1.37
gene-JG10_RS31435;AL347_16985;19.77
gene-JG10_RS31445;hexR;97.23
gene-JG10_RS31615;AL347_17165;27.65
gene-JG10_RS31670;algB;42.73
gene-JG10_RS31750;AL347_17315;72.41
gene-JG10_RS31785;AL347_17350;34.56
gene-JG10_RS31810;AL347_17375;26.98
gene-JG10_RS32005;AL347_17570;32.93
gene-JG10_RS32260;rsaL;24.54
